{
  "logs": {
    "calls": [
      {
        "id": "19773",
        "contract": "ExploitScript",
        "function": "testExploit",
        "args": "",
        "return_value": "Returned",
        "depth": 0,
        "internal_calls": [
          {
            "id": "0",
            "contract": "VM",
            "function": "deal",
            "args": "ExploitScript: [0x7FA9385bE102ac3EAc297483Dd6233D62b3e1496], 0",
            "return_value": "Returned",
            "depth": 1,
            "internal_calls": [],
            "value": null
          }
        ],
        "value": null
      }
    ]
  }
}