contract_name,hash,year_month,匹配日期,匹配攻击类型
bzx_exp,0x85dc2a433fd9eaadaf56fd8156c956da23fc17e5ef83955c7e2c4c37efa20bb5,20-Sep,20200920,Flash Loan Attack
cftoken_exp,0xc7647406542f8f2473a06fea142d223022370aa5722c044c2b7ea030b8965dd0,22-Apr,20220422,Oracle Price Manipulation
Contract_7657_exp,0x74279a131dccd6479378b3454ea189a6ce350cce51de47d81a0ef23db1b134d5,23-Jun,20230623,Flash Loan Attack
Burntbubba_exp,0x2b6d0af0dc513a15e325703405739057f9de6ef3f99934b957653b8a3fade4c6,23-Nov,20231123,Business Logic Flaw
bot_exp,0xbc08860cd0a08289c41033bdc84b2bb2b0c54a51ceae59620ed9904384287a38,23-Nov,20231123,Access Control Flaw
NBLGAME_exp,0xf4fc3b638f1a377cf22b729199a9aeb27fc62fe2983a65c4d14b99ee5c5b2328,24-Jan,20240124,Business Logic Flaw
BurnsDefi_exp,0x1d0af3a963682748493f21bf9e955ce3a950bee5817401bf2486db7a0af104b4,24-Feb,20240224,Business Logic Flaw
DN404_exp,0xbeef09ee9d694d2b24f3f367568cc6ba1dad591ea9f969c36e5b181fd301be82,24-Feb,20240224,Price Manipulation
Caterpillar_Coin_CUT_exp,0x2c123d08ca3d50c4b875c0b5de1b5c85d0bf9979dffbf87c48526e3a67396827,24-Sep,20240924,Reentrancy
Caterpillar_Coin_CUT_exp,0x6262c0f15c88aed6f646ed1996eb6aae9ccc5d5704d5faccd1e1397dd047bc8a,24-Sep,20240924,Reentrancy
Bankroll_exp,0x725f0d65340c859e0f64e72ca8260220c526c3e0ccde530004160809f6177940,24-Sep,20240924,Business Logic Flaw
BDEX_exp,0xe7b7c974e51d8bca3617f927f86bf907a25991fe654f457991cbf656b190fe94,22-Nov,20180422,Integer Overflow
Balancer_20200628_exp,0x013be97768b702fe8eccef1a40544d5ecb3c1961ad5f87fee4d16fdc08c78106,20-Jun,20200618,Access Control
BabySwap_exp,0xcca7ea9d48e00e7e32e5d005b57ec3cac28bc3ad0181e4ca208832e62aa52efe,22-Oct,20200628,Token Incompatible
bZx_exp,0x0fc5c0d41e5506fdb9434fab4815a4ff671afc834e47a533b3bed7182ece73b0,23-Dec,20200912,Incorrect Transfer
bZx_exp,0xb072f2e88058c147d8ff643694b43a42e36525b7173ce1daf76e6c06170b0e77,23-Dec,20200913,Incorrect Transfer
BBT_exp,0x4019890fe5a5bd527cd3b9f7ee6d94e55b331709b703317860d028745e33a8ca,24-Mar,20210516,Logic Flaw
BTC20_exp,0xcdd93e37ba2991ce02d8ca07bf6563bf5cd5ae801cbbce3dd0babb22e30b2dbe,23-Aug,20210527,Mathematical Flaw & Reentrancy
Eleven_exp,0x6450d8f4db09972853e948bee44f2cb54b9df786dace774106cd28820e906789,21-Jun,20210622,Doesn't Burn Shares
Cream_2_exp,0x0fe2542079644e107cbf13690eb9c2c65963ccb79089ff96bfaf8dced2331c92,21-Oct,20210830,Flashloan Attack & Reentrancy
DaoMaker_exp,0x96bf6bd14a81cf19939c0b966389daed778c3a9528a6c5dd7a4d980dec966388,21-Sep,20210903,Bad Access Control
CS_exp,0x906394b2ee093720955a7d55bff1666f6cf6239e46bea8af99d6352b9687baa4,23-May,20211027,Price Manipulation
Anyswap_exp,0xe50ed602bd916fc304d53c4fed236698b71691a95774ff0aeeb74b699c6227f7,22-Jan,20220118,Insufficient Token Validation
BabyDogeCoin_exp,0x098e7394a1733320e0887f0de22b18f5c71ee18d48a0f6d30c76890fb5c85375,23-May,20220305,Reentrancy
Audius_exp,0x3c09c6306b67737227edc24c663462d870e7c2bf39e9ab66877a980c900dd5d5,22-Jul,20220326,
AktuarNFT_exp,0x62d280abc60f8b604175ab24896c989e6092e496ac01f2f5399b2a62e9feaacf,22-Apr,20220423,Denial of Service
Bao_exp,0xdd7dd68cd879d07cfc2cb74606baa2a5bf18df0e3bda9f6b43f904f4f7bbdfc1,23-Jul,20220517,Flashloan
Harmony_multisig_exp,0x27981c7289c372e601c9475e5b5466310be18ed10b59d1ac840145f6e7804c97,22-Jun,20220524,Skim Token Balance
Audius_exp,0x4227bca8ed4b8915c7eec0e14ad3748a88c4371d4176e716e8007249b9980dc9,22-Jul,20220723,Storage Collision & Malicious Proposal
EtnProduct_exp,0x72321a3b50bb68ac3b46b0ab973b0e87b6c48ab73d23c4ba2cb73527f978d995,22-Aug,20220804,Business Logic Flaw
EGD_Finance_exp,0x4a66d01a017158ff38d6a88db98ba78435c606be57ca6df36033db4d9514f9f8,22-Aug,20220807,Flashloans & Price Manipulation
EGD_Finance_exp,0x50da0b1b6e34bce59769157df769eb45fa11efc7d0e292900d6b0a86ae66a2b3,22-Aug,20220808,Flashloans & Price Manipulation
ALP_exp,0x9983ca8eaee9ee69629f74537eaf031272af75f1e5a7725911d8b06df17c67ca,24-Mar,20220809,Skim Token Balance
BabyDogeCoin02_exp,0xbaf3e4841614eca5480c63662b41cd058ee5c85dc69198b29e7ab63b84bc866c,23-Jun,20220902,Business Logic Flaw & Missing Check for Number of NFT to Mint
BXH_exp,0xa13c8c7a0c97093dba3096c88044273c29cebeee109e23622cd412dcca8f50f4,22-Sep,20220929,Flashloan & Price Oracle Manipulation
AzukiDAO_exp,0x6233c9315dd3b6a6fcc7d653f4dca6c263e684a76b4ad3d93595e3b8e8714d34,23-Jul,20221001,Parameter Access Control
Carrot_exp,0xa624660c29ee97f3f4ebd36232d8199e7c97533c9db711fa4027994aa11e01b9,22-Oct,20221010,Public FunctionCall
ATK_exp,0x55983d8701e40353fee90803688170a16424ee702f6b21bb198bb8e7282112cd,22-Oct,20221012,Flashloan Manipulate Price
ATK_exp,0x601b8ab0c1d51e71796a0df5453ca671ae23de3d5ec9ffd87b9c378504f99c32,22-Oct,20221013,Flashloan Manipulate Price
EFLeverVault_exp,0x160c5950a01b88953648ba90ec0a29b0c5383e055d35a7835d905c53a3dda01e,22-Oct,20221014,Verify Flashloan Callback
ATK_exp,0x9e328f77809ea3c01833ec7ed8928edb4f5798c96f302b54fc640a22b3dd1a52,22-Oct,20221014,Flashloan Manipulate Price
EFLeverVault_exp,0x1f1aba5bef04b7026ae3cb1cb77987071a8aff9592e785dd99860566ccad83d1,22-Oct,20221015,Verify Flashloan Callback
ATK_exp,0xb181e88e6b37ee9986f2a57aefb94779402fdb928654aa7c1dda5138b90d0e14,22-Oct,20221015,Flashloan Manipulate Price
HPAY_exp,0x634f6fb7d2b6aa1439fb7940ced4b31626907b76d27510ffb2f74451b09b6b6e,22-Oct,20221018,Access Control
bEarn_exp,0x603b2bbe2a7d0877b22531735ff686a7caad866f6c0435c37b7b49e4bfd9a36c,21-May,20221019,Incorrect Signature Verification
HEALTH_exp,0xae8ca9dc8258ae32899fe641985739c3fa53ab1f603973ac74b424e165c66ccf,22-Oct,20221020,Transfer Logic Flaw
BBOX_exp,0xac57c78881a7c00dfbac0563e21b5ae3a8e3f9d1b07198a27313722a166cc0a3,22-Dec,20221105,Business Logic Flaw
BonqDAO_exp,0x31957ecc43774d19f54d9968e95c69c882468b46860f921668f2c55fadd51b19,23-Feb,20221109,Arbitrary External Call Vulnerability
DFX_exp,0x6bfd9e286e37061ed279e4f139fbc03c8bd707a2cdd15f7260549052cbba79b7,22-Nov,20221110,Reentrancy
BonqDAO_exp,0xa02d0c3d16d6ee0e0b6a42c3cc91997c2b40c87d777136dedebe8ee0f47f32b1,23-Feb,20221110,Arbitrary External Call Vulnerability
Annex_exp,0x3757d177482171dcfad7066c5e88d6f0f0fe74b28f32e41dd77137cad859c777,22-Nov,20221119,Verify Flashloan Callback
Audius_exp,0x82fc23992c7433fffad0e28a1b8d11211dc4377de83e88088d79f24f4a3f28b3,22-Jul,20221122,Lack of Permission Check
APC_exp,0xbcaecea2044101c80f186ce5327bec796cd9e054f0c240ddce93e2aead337370,22-Dec,20221201,Flashloan & Price Manipulation
APC_exp,0xf2d4559aeb945fb8e4304da5320ce6a2a96415aa70286715c9fcaf5dbd9d7ed2,22-Dec,20221202,Flashloan & Price Manipulation
BarleyFinance_exp,0x995e880635f4a7462a420a58527023f946710167ea4c6c093d7d193062a33b01,24-Jan,20221205,Flashloan Price Manipulation
BarleyFinance_exp,0xa685928b5102349a5cc50527fec2e03cb136c233505471bdd4363d0ab077a69a,24-Jan,20221206,Flashloan Price Manipulation
BarleyFinance_exp,0xaaa197c7478063eb1124c8d8b03016fe080e6ec4c4f4a4e6d7f09022084e3390,24-Jan,20221207,Flashloan Price Manipulation
AES_exp,0xca4d0d24aa448329b7d4eb81be653224a59e7b081fc7a1c9aad59c5a38d0ae19,22-Dec,20221207,Deflationary Token & Business Logic Flaw
BelugaDex_exp,0x57c96e320a3b885fabd95dd476d43c0d0fb10500d940d9594d4a458471a87abe,23-Oct,20221212,Deflationary Token & Flashloan Price Manipulation
ElasticSwap_exp,0xb36486f032a450782d5d2fac118ea90a6d3b08cac3409d949c59b43bcd6dbb8f,22-Dec,20221213,Business Logic Flaw
Defrost_exp,0xc6fb8217e45870a93c25e2098f54f6e3b24674a3083c30664867de474bf0212d,22-Dec,20221223,Reentrancy
DFS_exp,0xcddcb447d64c2ce4b3ac5ebaa6d42e26d3ed0ff3831c08923c53ea998f598a7c,22-Dec,20221230,Insufficient Validation & Flashloan
GDS_exp,0x2bb704e0d158594f7373ec6e53dc9da6c6639f269207da8dab883fc3b5bf6694,23-Jan,20230103,Business Logic Flaw
GDS_exp,0xf9b6cc083f6e0e41ce5e5dd65b294abf577ef47c7056d86315e5e53aa662251e,23-Jan,20230104,Business Logic Flaw
Bob_exp,0xfb14292a531411f852993e5a3ba4e7eb63ed548220267b9b3f4aacc5572d3a58,23-Dec,20230110,Business Logic Flaw
BEC_exp,0xad89ff16fd1ebe3a0a7cf4ed282302c06626c1af33221ebe0d3a470aba4a660f,18-Apr,20230130,Reflection Token
BNO_exp,0x33fed54de490797b99b2fc7a159e43af57e9e6bdefc2c2d052dc814cfe0096b9,23-Jul,20230202,Price Oracle Manipulation
FFIST_exp,0x199c4b88cab6b4b495b9d91af98e746811dd8f82f43117c48205e6332db9f0e0,23-Jul,20230206,Reflection Token
CowSwap_exp,0x90b468608fbcc7faef46502b198471311baca3baab49242a4a85b73d4924379b,23-Feb,20230207,Arbitrary External Call Vulnerability
dForce_exp,0x5db5c2400ab56db697b3cc9aa02a05deab658e1438ce2f8692ca009cc45171dd,23-Feb,20230210,Read-only Reentrancy
Dexible_exp,0x138daa4cbeaa3db42eefcec26e234fc2c89a4aa17d6b1870fc460b2856fd11a6,23-Feb,20230217,Arbitrary External Call Vulnerability
DYNA_exp,0x06bbe093d9b84783b8ca92abab5eb8590cb2321285660f9b2a529d665d3f18e4,23-Feb,20230222,Business Logic Flaw
DYNA_exp,0xc09678fec49c643a30fc8e4dec36d0507dae7e9123c270e1f073d335deab6cf0,23-Feb,20230223,Business Logic Flaw
EFVault_exp,0x1fe5a53405d00ce2f3e15b214c7486c69cbc5bf165cf9596e86f797f62e81914,23-Feb,20230224,Storage Collision
DKP_exp,0x0c850f54c1b497c077109b3d2ef13c042bb70f7f697201bcf2a4d0cb95e74271,23-Mar,20230308,Flashloan Price Manipulation
DKP_exp,0x2d31e45dce58572a99c51357164dc5283ff0c02d609250df1e6f4248bd62ee01,23-Mar,20230309,Flashloan Price Manipulation
Euler_exp,0xc310a0affe2169d1f6feec1c63dbc7f7c62a887fa48795d327d4d2da2d6b111d,23-Mar,20230313,Business Logic Flaw
BFCToken_exp,0x8ee76291c1b46d267431d2a528fa7f3ea7035629500bba4f87a69b88fcaf6e23,23-Sep,20230322,Reflection Token
HundredFinance_2_exp,0x6e9ebcdebbabda04fa9f2e3bc21ea8b2e4fb4bf4f4670cb8483e2f0b2604f451,23-Apr,20230415,Donate Inflation ExchangeRate & Rounding Error
Audius_exp,0xfefd829e246002a8fd061eede7501bccb6e244a9aacea0ebceaecef5d877a984,22-Jul,20230424,Business Logic Flaw
DEI_exp,0xb1141785b7b94eb37c39c37f0272744c6e79ca1517529fec3f4af59d4c3c37ef,23-May,20230505,Wrong Implementation
HODLCapital_exp,0xedc214a62ff6fd764200ddaa8ceae54f842279eadab80900be5f29d0b75212df,23-May,20230509,Reflection Token
BIGFI_exp,0x9fe19093a62a7037d04617b3ac4fbf5cb2d75d8cb6057e7e1b3c75cbbd5a5adc,23-Mar,20230513,Business Logic Flaw
GPT_exp,0xb77cb34cd01204bdad930d8c172af12462eef58dea16199185b77147d6533391,23-May,20230525,Fee Mechanism Exploitation
FDP_exp,0x09925028ce5d6a54801d04ff8f39e79af6c24289e84b301ddcdb6adfa51e901b,23-Feb,20230529,Wrong Balance Check
AUR_exp,0xb3bc6ca257387eae1cea3b997eb489c1a9c208d09ec4d117198029277468e25d,22-Nov,20230529,Lack Slippage Protection
ERC20TokenBank_exp,0x578a195e05f04b19fd8af6358dc6407aa1add87c3167f053beb990d6b4735f26,23-May,20230531,Price Manipulation
Cellframe_exp,0x943c2a5f89bc0c17f3fe1520ec6215ed8c6b897ce7f22f1b207fea3f79ae09a6,23-Jun,20230601,Calculation Issues During Liquidity Migration
DDCoin_exp,0xd92bf51b9bf464420e1261cfcd8b291ee05d5fbffbfbb316ec95131779f80809,23-Jun,20230601,Flashloan Attack and Smart Contract Vulnerability
Cellframe_exp,0xe2d496ccc3c5fd65a55048391662b8d40ddb5952dc26c715c702ba3929158cb9,23-Jun,20230602,Calculation Issues During Liquidity Migration
CompounderFinance_exp,0xcff84cc137c92e427f720ca1f2b36fbad793f34ec5117eed127060686e6797b1,23-Jun,20230607,Manipulation of Funds Through Fluctuations
DEPUSDT_LEVUSDC_exp,0x800a5b3178f680feebb81af69bd3dff791b886d4ce31615e601f2bb1f543bb2e,23-Jun,20230615,Incorrect Access Control
CFC_exp,0xa3c130ed8348919f73cbefce0f22d46fa381c8def93654e391ddc95553240c1e,23-Jun,20230615,Uniswap Skim Token Balance Attack
DEPUSDT_LEVUSDC_exp,0xf0a13b445674094c455de9e947a25bade75cac9f5176695fca418898ea25742f,23-Jun,20230616,Incorrect Access Control
ARA_exp,0xd87cdecd5320301bf9a985cc17f6944e7e7c1fbb471c80076ef2d031cc3023b2,23-Jun,20230618,Incorrect Handling of Permissions
Axioma_exp,0x05eabbb665a5b99490510d0b3f93565f394914294ab4d609895e525b43ff16f2,23-Apr,20230621,Lack Slippage Protection
BRAND_exp,0x19ef4febcd272643642925d5d7e9ab8fd3ed8785c5e3268f5b6fee44ae6b4a34,23-Nov,20230621,Reflection Tokens
BH_exp,0xc11e4020c0830bcf84bfa197696d7bfad9ff503166337cb92ea3fade04007662,23-Oct,20230630,V3Migrator Exploit
AUR_exp,0x7f031e8543e75bd5c85168558be89d2e08b7c02a32d07d76517cdbb10e279782,22-Nov,20230703,Invalid Signature Verification
Balancer_exp,0x2a027c8b915c3737942f512fc5d26fd15752d0332353b3059de771a35a606c2d,23-Aug,20230704,Donate Inflation ExchangeRate & Rounding Error
CIVNFT_exp,0x93a033917fcdbd5fe8ae24e9fe22f002949cba2f621a1c43a54f6519479caceb,23-Jul,20230708,Lack of Access Control
Civfund_exp,0xc42fc0e22a0f60cc299be80eb0c0ddce83c21c14a3dddd8430628011c3e20d6b,23-Jul,20230708,Lack of Access Control
ApeDAO_exp,0x8d35dfd9968ce61fb969ffe8dcc29eeeae864e466d2cb0b7d26ce63644691994,23-Jul,20230718,Business Logic Flaw
Bmizapper_exp,0x97201900198d0054a2f7a914f5625591feb6a18e7fc6bb4f0c964b967a6c15f6,24-Jan,20230718,Invalid Emergency Withdraw Mechanism
Conic_exp,0x8b74995d1d61d3d7547575649136b8765acb22882960f0636941c44ec7bbe146,23-Jul,20230721,Read-only Reentrancy & Misconfiguration
Conic02_exp,0x37acd17a80a5f95728459bfea85cb2e1f64b4c75cf4a4c8dcb61964e26860882,23-Jul,20230722,Price Manipulation
Carson_exp,0x37d921a6bb0ecdd8f1ec918d795f9c354727a3ff6b0dba98a512fceb9662a3ac,23-Jul,20230726,Price Manipulation
GYMNET_exp,0x7fe96c00880b329aa0fcb00f0ef3a0766c54e13965becf9cc5e0df6fbd0deca6,23-Jul,20230731,Insufficient Validation
CurveBurner_exp,0xd493c73397952049644c531309df3dd4134bf3db1e64eb6f0b68b016ee0bffde,23-Aug,20230802,Lack Slippage Protection
EarningFram_exp,0x6e6e556a5685980317cb2afdb628ed4a845b3cbd1c98bdaffd0561cb2c4790fa,23-Aug,20230809,Reentrancy
BrahTOPG_exp,0xeaef2831d4d6bca04e4e9035613be637ae3b0034977673c1c2f10903926f29c0,22-Nov,20230819,Price Manipulation
EHIVE_exp,0xad818ec910def08c70ac519ab0fffa084b4178014a91cd8aa2f882d972a511c1,23-Aug,20230821,Business Logic Flaw
EHIVE_exp,0xd9156f507c701a09d3312e1987383c7c882df50b3127e1adfd74d74052642114,23-Aug,20230822,Business Logic Flaw
GSS_exp,0x4f8cb9efb3cc9930bd38af5f5d34d15ce683111599a80df7ae50b003e746e336,23-Aug,20230824,Skim Token Balance
BadGuysbyRPF_exp,0xb613c68b00c532fe9b28a50a91c021d61a98d907d0217ab9b44cd8d6ae441d9f,22-Sep,20230827,Rounding Error & Business Logic Flaw
EAC_exp,0x477f9ee698ac8ae800ffa012ab52fd8de39b58996245c5e39a4233c1ae5f1baa,23-Aug,20230829,Price Manipulation
DAppSocial_exp,0xbd72bccec6dd824f8cac5d9a3a2364794c9272d7f7348d074b580e3c6e44312e,23-Sep,20230902,Business Logic Flaw
FloorDAO_exp,0x1274b32d4dfacd2703ad032e8bd669a83f012dde9d27ed92e4e7da0387adafe4,23-Sep,20230905,Rebasing Logic Issue
HeavensGate_exp,0x8e1b0ab098c4cc5f632e00b0842b5f825bbd15ded796d4a59880bb724f6c5372,23-Sep,20230905,Rebasing Logic Issue
HeavensGate_exp,0xe28ca1f43036f4768776805fb50906f8172f75eba3bf1d9866bcd64361fda834,23-Sep,20230906,Rebasing Logic Issue
HCT_exp,0x84bd77f25cc0db493c339a187c920f104a69f89053ab2deabb93c35220e6dfc0,23-Sep,20230907,Price Manipulation
APIG_exp,0x66dee84591aeeba6e5f31e12fe728f2ddc79a06426036793487a980c3b952947,23-Sep,20230908,Business Logic Flaw
BEGO_exp,0x9f4ef3cc55b016ea6b867807a09f80d1b2e36f6cd6fccfaf0182f46060332c57,22-Oct,20230909,Business Logic Flaw
0DEX_exp,0x00b375f8e90fc54c1345b33c686977ebec26877e2c8cac165429927a6c9bdbec,23-Sep,20230911,Parameter Manipulation
CEXISWAP_exp,0xede72a74d8398875b42d92c550539d72c830d3c3271a7641ee1843dc105de59e,23-Sep,20230921,Incorrect Access Control
DEXRouter_exp,0xf77c5904da98d3d4a6e651d0846d35545ef5ca0b969132ae81a9c63e1efc2113,23-Sep,20230929,Arbitrary External Call
FireBirdPair_exp,0x96d80c609f7a39b45f2bb581c6ba23402c20c2b6cd528317692c31b8d3948328,23-Sep,20230930,Lack Slippage Protection
DePayRouter_exp,0x9a036058afb58169bfa91a826f5fcf4c0a376e650960669361d61bef99205f35,23-Oct,20231005,Business Logic Flaw
BEVO_exp,0xb97502d3976322714c828a890857e776f25c79f187a32e2d548dda1c315d2a7d,23-Jan,20231011,Price Manipulation
BEARNDAO_exp,0x51913be3f31d5ddbfc77da789e5f9653ed6b219a52772309802226445a1edd5f,23-Dec,20231013,Price Manipulation
Hopelend_exp,0x1a7ee0a7efc70ed7429edef069a1dd001fbff378748d91f17ab1876dc6d10392,23-Oct,20231018,Div Precision Loss
FPR_exp,0x1b66170220287bd90f72a97368f8dea2420a24c9585e9f39bf236af6d2a7dde6,22-Dec,20231018,Div Precision Loss
FPR_exp,0x1f8e814029a073c52a8668e6ff5bb3264445a8b29886cc9e3ca8ed5f89ccacd3,22-Dec,20231019,Div Precision Loss
FPR_exp,0x43da4322052b045f442cdfc03bcccc797d3bba467beda501222c35d8fd0ebd81,22-Dec,20231020,Div Precision Loss
FPR_exp,0xec1b969e1435a1449dd5179404c54b5c60e49f15a1bf6bf8922e8d2978102f4a,22-Dec,20231021,Div Precision Loss
Astrid_exp,0x8af9b5fb3e2e3df8659ffb2e0f0c1f4c90d5a80f4f6fccef143b823ce673fb60,23-Oct,20231028,Business Logic Flaw
UniBot_exp,0xcbe521aea28911fe9983030748028e12541e347b8b6b974d026fa5065c22f0cf,23-Oct,20231031,Arbitrary External Call
BRA_exp,0x4e5b2efa90c62f2b62925ebd7c10c953dc73c710ef06695eac3f36fe0f6b9348,23-Jan,20231102,Lack of Access Control
3913_exp,0x8163738d6610ca32f048ee9d30f4aa1ffdb3ca1eddf95c0eba086c3e936199ed,23-Nov,20231102,Deflationary Token Attack
BRA_exp,0x6759db55a4edec4f6bedb5691fc42cf024be3a1a534ddcc7edd471ef205d4047,23-Jan,20231103,Lack of Access Control
RBalancer_exp,0xbf5b2d22fa88965ddfc6e6d685fc7cfc683340c49e126386759ed9e4027b1415,23-Nov,20231107,Business Logic Flaw
grok_exp,0x3e9bcee951cdad84805e0c82d2a1e982e71f2ec301a1cbd344c832e0acaee813,23-Nov,20231110,Lack of Slippage Protection
EHX_exp,0x8b528372b743b4b8c4eb0904c96529482653187c19e13afaa22f3ba4e08fbfbb,23-Nov,20231115,Lack of Slippage Control
FiberRouter_exp,0x7260ad0e4769ae68f0a680356c63140353c18d7be1b86a8c4e99a0fc3b6842c1,23-Nov,20231128,Input Validation
AIS_exp,0x0be817b6a522a111e06293435c233dab6576d7437d0e148b45efcf7ab8a10de0,23-Nov,20231129,Access Control
Burner_exp,0x3bba4fb6de00dd38df3ad68e51c19fe575a95a296e0632028f101c5199b6f714,24-May,20231129,Price Manipulation
CAROLProtocol_exp,0x6462f5e358eb2c7769e6aa59ce43277be4799b297bc4c9503610443b9d56cc24,23-Nov,20231130,Price Manipulation via Reentrancy
EEE_exp,0x7312d9f9c13fc69f00f58e92a112a3e7f036ced7e65f7e0fa67382488d5557dc,23-Nov,20231130,Price Manipulation
CAROLProtocol_exp,0xd962d397a7f8b3aadce1622e705b9e33b430e86e0d306d6fb8ccbc5957b4185c,23-Nov,20231131,Price Manipulation via Reentrancy
ElephantStatus_exp,0xd423ae0e95e9d6c8a89dcfed243573867e4aad29ee99a9055728cbbe0a523439,23-Dec,20231206,Price Manipulation
GoodCompound_exp,0x1106418384414ed56cd7cbb9fedc66a02d39b663d580abc618f2d387348354ab,23-Dec,20231211,Price Manipulation
GoodDollar_exp,0x726459a46839c915ee2fb3d8de7f986e3c7391c605b7a622112161a84c7384d0,23-Dec,20231216,Lack of Input Validation & Reentrancy
FloorProtocol_exp,0xa329b27fbe0f7b7f92060a9e5370fdf03d60e5c4835f09d7234e5bbecf417ccf,23-Dec,20231217,Business Logic Flaw
BNBX_exp,0xea88dc6dbd81d09c572b5849e0d4508598edcf8f11c9a995cd8fe7e6c194f39e,24-Apr,20231217,Price Manipulation
FloorProtocol_exp,0xec8f6d8e114caf8425736e0a3d5be2f93bbea6c01a50a7eeb3d61d2634927b40,23-Dec,20231218,Business Logic Flaw
DominoTT_exp,0x1ee617cd739b1afcc673a180e60b9a32ad3ba856226a68e8748d58fcccc877a8,23-Dec,20231228,Precision Loss
CCV_exp,0x6ba4152db9da45f5751f2c083bf77d4b3385373d5660c51fe2e4382718afd9b4,23-Dec,20231228,Precision Loss
ChannelsFinance_exp,0x0237855c63eb85c5f437fba5267cc869a08c58a49501e3e5ebec9990bdd97565,23-Dec,20231230,CompoundV2 Inflation Attack
ChannelsFinance_exp,0x711cc4ceb9701d317fe9aa47187425e16dae7d5a0113f1430e891018262f8fb5,23-Dec,20231231,CompoundV3 Inflation Attack
Channels_exp,0xcf729a9392b0960cd315d7d49f53640f000ca6b8a0bd91866af5821fdf36afc5,23-Dec,20231231,Price Manipulation
ChannelsFinance_exp,0x93372ce9c86a25f1477b0c3068e745b5b829d5b58025bb1ab234230d3473b776,23-Dec,20231232,CompoundV4 Inflation Attack
Gamma_exp,0x025cf2858723369d606ee3abbc4ec01eab064a97cc9ec578bf91c6908679be75,24-Jan,20240104,Price Manipulation
Freedom_exp,0x309523343cc1bb9d28b960ebf83175fac941b4a590830caccff44263d9a80ff0,24-Jan,20240110,Lack of Access Control
Biswap_exp,0xebe5248820241d8de80bcf66f4f1bfaaca62962824efaaa662db84bd27f5e47e,23-Jun,20240117,Arbitrary External Call Vulnerability
DAO_SoulMate_exp,0x1ea0a2e88efceccb2dd93e6e5cb89e5421666caeefb1e6fc41b68168373da342,24-Jan,20240122,Incorrect Access Control
CitadelFinance_exp,0xcf75802229d440e4fbabb4d357fa1886c25e9a6b5c693e9e9573c71c15e2b0d3,24-Jan,20240127,Price Manipulation
Bancor_exp,0x4643b63dcbfc385b8ab8c86cbc46da18c2e43d277de3e5bc3b4516d3c0fdeb9f,20-Jun,20240128,Reentrancy
CitadelFinance_exp,0xf52a681bc76df1e3a61d9266e3a66c7388ef579d62373feb4fd0991d36006855,24-Jan,20240128,Price Manipulation
AffineDeFi_exp,0x03543ef96c26d6c79ff6c24219c686ae6d0eb5453b322e54d3b6a5ce456385e5,24-Feb,20240201,Lack of Validation UserData
ADC_exp,0xcf834aff4de9992f5da9c443600dad9c6277a8a00de5007842fece51564992db,24-Feb,20240202,Incorrect Access Control
BurgerSwap_exp,0xac8a739c1f668b13d065d56a03c37a686e0aa1c9339e79fcbc5a2d0a6311e333,21-May,20240205,Price Manipulation
Game_exp,0x0eb8f8d148508e752d9643ccf49ac4cb0c21cbad346b5bbcf2d06974d31bd5c4,24-Feb,20240211,Reentrancy & Business Logic Flaw
DeezNutz404_exp,0xbeefd8faba2aa82704afe821fd41b670319203dd9090f7af8affdf6bcfec2d61,24-Feb,20240221,Lack of Validation
Binemon_exp,0x1999bb5c11a8d8bfa7620fc5cc37f5bc59c1a99d7a9250a8d6076c93bbdbeb5f,24-Mar,20240223,Logic Flaw
CompoundUni_exp,0xaee0f8d1235584a3212f233b655f87b89f22f1d4890782447c4ef742b37af58d,24-Feb,20240223,Oracle Bad Price
Allbridge_exp,0x7ff1364c3b3b296b411965339ed956da5d17058f3164425ce800d64f1aef8210,23-Apr,20240306,Public Internal Function
GHT_exp,0xd17266bcdf30cbcbd7d0b5a006f43141981aeee2e1f860f68c9a1805ecacbc68,24-Mar,20240307,Business Logic Flaw
BGLD_exp,0xea108fe94bfc9a71bb3e4dee4a1b0fd47572e6ad6aba8b2155ac44861be628ae,22-Dec,20240311,Precision Loss
Bayc_apecoin_exp,0xeb8c3bebed11e2e4fcd30cbfc2fb3c55c4ca166003c7f7d319e78eaab9747098,22-May,20240312,Business Logic Flaw
CGT_exp,0x4ff4028b03c3df468197358b99f5160e5709e7fce3884cc8ce818856d058e106,24-Mar,20240323,Incorrect Access Control
HoppyFrogERC_exp,0x6fb7f8e9eb09d6ae17dbe82b2b42f46f64fb9c3197438b68ecf03e832d5fc791,24-Apr,20240402,Business Logic Flaw
GROKD_exp,0x383dbb44a91687b2b9bbd8b6779957a198d114f24af662776f384569b84fc549,24-Apr,20240412,Lack of Access Control
FIL314_exp,0x9f2eb13417190e5139d57821422fc99bced025f24452a8b31f7d68133c9b0a6c,24-Apr,20240412,Insufficient Validation and Price Manipulation
GROKD_exp,0x8293946b5c88c4a21250ca6dc93c6d1a695fb5d067bb2d4aed0a11bd5af1fb32,24-Apr,20240413,Lack of Access Control
Hackathon_exp,0xea181f730886ece947e255ab508f5af1d0f569fee3368b651d5dbb28549087b5,24-Apr,20240414,Business Logic Flaw
ChaingeFinance_exp,0x051276afa96f2a2bd2ac224339793d82f6076f76ffa8d1b9e6febd49a4ec11b2,24-Apr,20240415,Arbitrary External Call
ChaingeFinance_exp,0x21d8b164f0cb8beb1ed27d164ed986c3fc26b33655ce18226b05b9cfcf6cd93c,24-Apr,20240416,Arbitrary External Call
ChaingeFinance_exp,0x407e09faabf7072cd10dc86b7fa3180ccc1701f52f7fdca29464568498c30997,24-Apr,20240417,Arbitrary External Call
ChaingeFinance_exp,0xd348b5fc00b26fc1457b70d02f9cb5e5a66a564cc4eba2136a473866a47dac08,24-Apr,20240418,Arbitrary External Call
HedgeyFinance_exp,0x2606d459a50ca4920722a111745c2eeced1d8a01ff25ee762e22d5d4b1595739,24-Apr,20240419,Logic Flaw
Bitpaidio_exp,0x1ae499ccf292a2ee5e550702b81a4a7f65cd03af2c604e2d401d52786f459ba6,23-May,20240427,Precision Loss
BlueberryProtocol_exp,0xf0464b01d962f714eee9d4392b2494524d0e10ce3eb3723873afd1346b8b06e4,24-Feb,20240427,Precision Loss
GPU_exp,0x2c0ada695a507d7a03f4f308f545c7db4847b2b2c82de79e702d655d8c95dadb,24-May,20240508,Self-transfer
GFOX_exp,0x12fe79f1de8aed0ba947cec4dce5d33368d649903cb45a5d3e915cc459e751fc,24-May,20240510,Lack of Access Control
BUNN_exp,0x24a68d2a4bbb02f398d3601acfd87b09f543d935fc24862c314aaf64c295acdb,23-Jun,20240522,Sandwich Ack
EXcommunity_exp,0x5446bf2b57749abdab01813a50ce36246177f3437599f3a56bc1554f596b2c3a,24-May,20240528,Business Logic Flaw
Dyson_money_exp,0xbac614f4d103939a9611ca35f4ec9451e1e98512d573c822fbff70fafdbbb5a0,24-Jun,20240617,Business Logic Flaw
APEMAGA_exp,0x6beb21b53f5b205c088570333ec875b720e333b49657f7026b01ed72b026851e,24-Jun,20240627,Business Logic Flaw
DeFiPlaza_exp,0xa245deda8553c6e4c575baff9b50ef35abf4c8f990f8f36897696f896f240e3a,24-Jul,20240705,Loss of Precision
GAX_exp,0x368f842e79a10bb163d98353711be58431a7cd06098d6f4b6cbbcd4c77b53108,24-Jul,20240711,Lack of Access Control
DoughFina_exp,0x92cdcc732eebf47200ea56123716e337f6ef7d5ad714a2295794fdc6031ebb2e,24-Jul,20240712,Incorrect Input Validation
Convergence_exp,0x636be30e58acce0629b2bf975b5c3133840cd7d41ffc3b903720c528f01c65d9,24-Aug,20240801,Incorrect Input Validation
MARA_exp,0x0fe3716431f8c2e43217c3ca6d25eed87e14d0fbfa9c9ee8ce4cef2e5ec4583c,24-Sep,20240924,Price Manipulation
FireToken_exp,0xd20b3b31a682322eb0698ecd67a6d8a040ccea653ba429ec73e3584fa176ff2b,24-Oct,20241001,Pair Manipulation with Transfer Function
AIZPTToken_exp,0x5e694707337cca979d18f9e45f40e81d6ca341ed342f1377f563e779a746460d,24-Oct,20241005,Wrong Price Calculation
Erc20transfer_exp,0x7f2540af4a1f7b0172a46f5539ebf943dd5418422e4faa8150d3ae5337e92172,24-Oct,20241022,Access Control
DeltaPrime_exp,0x6a2f989b5493b52ffc078d0a59a3bf9727d134b403aa6e0bf309fd513a728f7f,24-Nov,20241111,Reentrancy
WGPT_exp,0x258e53526e5a48feb1e4beadbf7ee53e07e816681ea297332533371032446bfd,23-Jul,20241115,Business Logic Vulnerability
98Token_exp,0x61da5b502a62d7e9038d73e31ceb3935050430a7f9b7e29b9b3200db3095f91d,25-Jan,20250104,Unprotected public function
